,contributions,centrality,location,totalCommitContributions,totalIssueContributions,totalPullRequestReviewContributions,totalRepositoriesWithContributedCommits,totalRepositoriesWithContributedIssues,member
0ddfell0w,1,0.0,"New York, NY",0,0,0,0,0,False
0wu,4,0.0,Taipei,0,0,0,0,0,False
0xcharly,2,0.0,"Tokyo, Japan",0,0,0,0,0,False
1beb,2,4.548956662109903e-05,"Toronto, Canada / Lima, Peru",1,1,0,1,1,False
1stvamp,1,0.0,"Selby, UK",0,0,0,0,0,False
7PH,6,0.0,,0,0,0,0,0,False
AaronO,1,0.0,France,0,0,0,0,0,False
AlexIoannides,1,0.0,"London, UK",0,0,0,0,0,False
AlexandraKapp,1,0.0,,1,0,0,1,0,False
AlexandrePetit-Pas,1,0.0,France,0,0,0,0,0,False
AliciaSchep,6,0.000653489369196843,,0,0,0,0,0,False
Alternikaner,1,0.0,"Johannesburg, South Africa",1,0,0,1,0,False
AmeliaMN,2,0.0,"Minneapolis, MN",0,0,0,0,0,False
AndreaCirilloAC,1,0.0,Italia,0,0,0,0,0,False
AndreaPi,1,0.0,,0,0,0,0,0,False
AndreasMadsen,1,0.0,"Copenhagen, Denmark",0,0,0,0,0,False
AndrewSverdrup,1,0.0,San Diego,0,0,0,0,0,False
AndrienkoAleksandr,16,0.0,,0,0,0,0,0,False
ArloL,1,0.0,"NRW, Germany",0,0,0,0,0,False
Artur-,9,0.0,"Turku, Finland",0,0,0,0,0,False
AshesITR,7,0.000465585825062636,,2,5,0,1,3,False
AshleyHenry15,1,0.0,New York,1,3,0,1,3,True
AvianFlu,25,0.004151723076257735,"New York, NY",0,0,0,0,0,False
Ax3man,7,0.0,Vancouver,0,0,0,0,0,False
Aybee,3,0.0,DE - Mönchengladbach,0,0,0,0,0,False
BackSlasher,1,0.0,,0,0,0,0,0,False
Bakaniko,1,0.0,France,0,0,0,0,0,False
BarkleyBG,3,0.0,"Milwaukee, WI",0,0,0,0,0,False
BasLangenberg,1,0.0,"Voorschoten, The Netherlands",0,0,0,0,0,False
BenHall,4,0.0009221357305803841,London,2,0,0,1,0,False
BenJuan26,1,0.0,Toronto,0,0,0,0,0,False
BerriJ,2,0.0,"Duisburg, Germany",0,0,0,0,0,False
Bisaloo,3,0.00021924600248170864,,0,1,0,0,1,False
BlackEdder,7,0.0,"Brentford, Greater London, United Kingdom",0,0,0,0,0,False
BlueHaunter,3,0.0,,0,0,0,0,0,False
BruceZhaoR,17,0.0,Shanghai China,0,0,0,0,0,False
BryceDFisher,3,0.0,,0,0,0,0,0,False
CVTJNII,1,0.0,Ohio,0,0,0,0,0,False
CarterA,1,0.0,"Denver, Colorado",0,0,0,0,0,False
Cdk29,1,0.0,,1,2,0,1,2,False
CerebralMastication,2,0.0,"Richmond, VA",0,0,0,0,0,False
ChristopherSparling,19,0.0,"Toronto, Ontario",0,0,0,0,0,False
ColdGrub1384,1,0.0,"Reñaca, Viña Del Mar, Chile",0,0,0,0,0,False
ColinFay,17,0.002591528200652288,"Rennes, France",16,25,1,6,5,False
ComeBurguburu,1,0.0,Villeurbanne,0,0,0,0,0,False
ConorIA,1,0.0,Toronto,1,0,0,1,0,False
Contagious06,1,0.0,"Perth, Western Australia",0,0,0,0,0,False
Craga89,2,0.0,United Kingdom,0,0,0,0,0,False
CupIvan,1,0.0,Нижний Новгород,0,0,0,0,0,False
CyrusYip,1,0.0,,1,1,0,1,1,False
DanBUK,2,0.0,"London, UK",0,0,0,0,0,False
DaniPrina,3,0.0,,3,0,0,1,0,False
DanielMedinaStacey,1,0.0,,0,0,0,0,0,False
DavidArenburg,1,0.0,Israel,0,0,0,0,0,False
DavidRGriswold,1,0.0,,0,0,0,0,0,False
DavisVaughan,1,0.0,"Charlotte, NC",1,7,0,1,1,False
DeependraD,1,0.0,Nepal,0,0,0,0,0,False
DivadNojnarg,1,0.0,Switzerland,0,1,0,0,1,False
Dominator008,6,0.0,Earth,0,0,0,0,0,False
DrPizza,7,0.0,"Brooklyn, NY",0,0,0,0,0,False
DunLug,3,0.0,,3,0,0,1,0,False
EDiLD,1,0.0,Neustadt a.d. Weinstraße / Germany,0,0,0,0,0,False
EconimiCurtis,24,0.0,,0,0,0,0,0,False
EconomiCurtis,58,0.002690357799909523,USA,43,2,2,4,2,True
EdSchouten,1,0.0,"'s-Hertogenbosch, the Netherlands",0,0,0,0,0,False
EdwinTh,1,0.0,"Leiden-The Hague area, the Netherlands",0,0,0,0,0,False
Emaasit,5,0.0012930618382478124,"Washington, D.C.",0,0,0,0,0,False
Enchufa2,2,0.0,Madrid,2,0,0,1,0,False
Eugeny,2,0.0,"Düsseldorf, DE",0,0,0,0,0,False
F4stFr3ddy,1,0.0,"Rotterdam area, the Netherlands",1,0,0,1,0,False
FGasper,47,0.0,,0,0,0,0,0,False
FSX,1,0.0,Netherlands,0,0,0,0,0,False
FerandDalatieh,1,0.0,Germany,0,0,0,0,0,False
Filirom1,1,0.0,,0,0,0,0,0,False
Fitzsimmons,2,0.0,Toronto Ontario,0,0,0,0,0,False
Freguglia,1,0.0,Campinas - SP - Brazil,1,0,0,1,0,False
FvD,25,0.012068951134619173,Costa Rica,0,1,0,0,1,False
GShotwell,3,0.0002630309896359321,"Halifax, Nova Scotia",3,2,0,2,1,False
GUI,4,0.1164127543758437,,0,0,0,0,0,False
GaryWilsonJr,1,0.0,"Vienna, Austria",0,0,0,0,0,False
Gebon,1,0.0,"Yekaterinburg, Russia",0,0,0,0,0,False
Gozala,51,0.0,"Portland, OR, United States",0,0,0,0,0,False
GromNaN,1,0.0,"Paris, France",0,0,0,0,0,False
HenrikBengtsson,11,0.0001380529358005481,,0,4,0,0,2,False
HenryRawas,14,0.0,,0,0,0,0,0,False
Hilbrand,1,0.0,The Netherlands,0,0,0,0,0,False
HughParsonage,1,0.0,,0,0,0,0,0,False
IanKopacka,2,0.0,,0,0,0,0,0,False
InDieTasten,1,0.0,"Osnabrück, Germany",0,0,0,0,0,False
IonDen,139,0.0,"Amsterdam, Netherlands",0,0,0,0,0,False
Ironholds,3,0.0003022413979076601,,0,0,0,0,0,False
Itxaka,1,0.0,Madrid,0,0,0,0,0,False
JFormoso,1,0.0,,1,0,0,1,0,False
JOduMonT,2,0.0,Anywhere Out Of The World,0,0,0,0,0,False
James-Arnold,1,0.0,,0,0,0,0,0,False
JamesAllingham,1,0.0,Cambridge,0,0,0,0,0,False
JanLauGe,1,0.0,New York,0,0,0,0,0,False
JanMarvin,8,0.0,"Düsseldorf, Germany",0,1,0,0,1,False
JavaCS3,45,0.0,,0,0,0,0,0,False
Jaza,2,0.0,"Sydney, Australia",0,0,0,0,0,False
JeffreyCA,3,0.0,Canada,0,0,0,0,0,False
Jeffwan,2,0.0,"Seattle, WA",0,0,0,0,0,False
JesseStolwijk,2,0.0,The Netherlands,0,0,0,0,0,False
JoFrhwld,1,0.0,,0,0,0,0,0,False
JohannesFriedrich,1,0.0,Bayreuth,0,1,0,0,1,False
JohnCoene,1,0.0,"Geneva, Switzerland",0,1,0,0,1,False
JonKohler,2,0.0,"Essex, VT",0,0,0,0,0,False
JonathanTron,2,0.0,France / Luxembourg,0,0,0,0,0,False
JoshuaKGoldberg,1,0.0,"Brooklyn, NYC",0,0,0,0,0,False
JosiahParry,1,0.0,Greater Boston Area,1,6,0,1,2,True
JsizzleR,7,0.0,NY,3,1,0,1,1,True
JulienItard,1,0.0,"France, Toulouse",0,0,0,0,0,False
Kami,1,0.0,"Ljubljana, Slovenia",0,0,0,0,0,False
Katzmann1983,5,0.0,Madrid,5,1,0,1,1,False
Keno,1,0.0,"Cambridge, MA",0,0,0,0,0,False
KimSchneider,1,0.0,"Eppelborn, Germany",0,0,0,0,0,False
KoLogicDev,1,0.0,Stockholm,0,0,0,0,0,False
KyleNeedham,1,0.0,Leicester,0,0,0,0,0,False
KylePDavis,1,0.0,United States,0,0,0,0,0,False
LHaferkamp,2,0.0,München,2,1,0,1,1,False
LabhanshAgrawal,10,0.0,"Bangalore, India",0,0,0,0,0,False
LegNeato,1,0.0,San Francisco,0,0,0,0,0,False
LiNk-NY,1,0.0,"New York City, NY",0,1,0,0,1,False
LinusU,3,0.0,"London, UK",0,0,0,0,0,False
Lixire,2,0.0,,0,0,0,0,0,False
LucianBuzzo,7,0.0,"Newquay, UK",0,0,0,0,0,False
LukasDrgon,1,0.0,,0,0,0,0,0,False
Lytol,2,0.0,"San Diego, CA",2,0,14,1,0,True
MCMicS,3,0.0,,0,0,0,0,0,False
MadhulikaTanuboddi,62,2.3319497898240467e-05,,61,37,0,1,6,False
Mailaender,3,0.0,Germany,0,0,0,0,0,False
MajoroMask,1,0.0,,0,0,0,0,0,False
Marak,51,0.0,"New York City, New York",0,0,0,0,0,False
MarcinKosinski,1,0.0,"Warsaw, Poland",0,0,0,0,0,False
MarcioFCMartins,1,0.0,Faro,0,0,0,0,0,False
MariaSemple,589,2.2425549182416133e-05,,239,7,28,1,1,True
Marlin-Na,3,0.0,Betelgeuse VII,3,2,0,1,1,False
MarshallOfSound,5,0.0,"Vancouver, Canada",0,0,0,0,0,False
Martin1994,1,0.0,"Vancouver, BC, Canada",0,0,0,0,0,False
MartinKies,1,0.0,Ulm,1,0,0,1,0,False
MartinWangIBM,1,0.0,,0,0,0,0,0,False
Matt-Brigida,1,0.0,United States,0,0,0,0,0,False
MattSandy,2,0.0,"Minneapolis, MN",0,0,0,0,0,False
MaximeRivest,1,0.0,Montreal,1,0,0,1,0,False
MayaGans,1,0.0,,1,2,0,1,2,False
Miachol,1,0.0,"Shanghai, China",0,0,0,0,0,False
Michael-Overall,1,0.0,"Toronto, ON, Canada",0,0,0,0,0,False
MikeRatcliffe,1,0.0,United Kingdom,0,0,0,0,0,False
MohammadYounes,1,0.0,Jordan,0,0,0,0,0,False
Mosk915,1,0.0,,1,2,0,1,1,False
Mozilla-GitHub-Standards,1,0.0,The Open Internet,0,0,0,0,0,False
NatalieWolfe,2,0.0,"Portland, OR",0,0,0,0,0,False
NickShaffner,1,0.0,"San Francisco, CA",0,0,0,0,0,False
Ninir,2,0.0,San Francisco,0,0,0,0,0,False
NizamLZ,1,0.0,Hyderabad,0,0,0,0,0,False
Nordth,1,0.0,,0,0,0,0,0,False
OBrienCommaJosh,2,0.0,"Gainesville, FL",0,0,0,0,0,False
PerBothner,17,0.0,"Hayward, California, USA",0,0,0,0,0,False
PeteHaitch,1,0.0,,0,2,0,0,1,False
PhilKershaw,1,0.0,"Todmorden, West Yorkshire, UK",0,0,0,0,0,False
ProQuestionAsker,5,0.0,,0,0,0,0,0,False
Qix-,5,0.0,,0,0,0,0,0,False
QuLogic,2,0.0005518542072833607,"Toronto, Ontario, Canada",1,0,0,1,0,False
RCura,1,0.0,"Paris, France",0,0,0,0,0,False
RLesur,124,0.0005401370488234352,"Nantes & Paris, France",43,7,3,4,4,False
RLumSK,2,0.0,United Kingdom,2,4,1,1,3,False
RaphaelS1,2,0.0,,0,0,0,0,0,False
RaymondBalise,2,0.0,"Miami, Florida",2,4,0,1,4,False
Raynos,1,0.0,San Francisco,0,0,0,0,0,False
Rkabacoff,1,0.0,"Middletown, CT USA",0,0,0,0,0,False
Robinlovelace,5,0.0012159714585273317,UK,2,3,0,2,2,False
RoboticCheese,1,0.0,"Seattle, WA",0,0,0,0,0,False
Rush,20,0.0,"Austin, TX",0,0,0,0,0,False
RussellJQA,1,0.0,"Western Pennsylvania, USA",0,0,0,0,0,False
RyanHope,1,0.0,"Pittsburgh, PA",0,0,0,0,0,False
SRabbelier,3,0.0,United States,0,0,0,0,0,False
SRombauts,1,0.0,Paris (France),0,0,0,0,0,False
SaJaToGu,2,0.0,Leverkusen Germany,2,0,0,1,0,False
SamB,3,0.0,,0,0,0,0,0,False
SamanthaToet,4,0.0,"Charlottesville, VA",4,0,0,1,0,False
Sannis,3,0.0,"Moscow, Russia",0,0,0,0,0,False
Selbosh,1,0.0,"Manchester, UK",0,1,0,0,1,False
ShahzadUmair,3,0.0,,0,0,0,0,0,False
Shenggan,1,0.0,Shanghai,0,0,0,0,0,False
ShixiangWang,1,0.0,"Shanghai, China",1,1,0,1,1,False
SiggyF,1,0.0,Netherlands,0,0,0,0,0,False
Snack-X,1,0.0,Republic of Korea,0,0,0,0,0,False
Songmu,1,0.0,"Tokyo, Japan",0,0,0,0,0,False
Southern,1,0.0,"NC, USA",0,0,0,0,0,False
Splaktar,1,0.0,"Melbourne, FL",0,0,0,0,0,False
Steelskin,1,0.0,"Seattle, WA, USA",0,0,0,0,0,False
StepLg,6,0.0,USA,0,0,0,0,0,False
StephanBeutel,1,0.0,,0,0,0,0,0,False
StephenKing,2,0.0,"Würzburg, Germany",0,0,0,0,0,False
Strilanc,1,0.0,"Santa Barbara, California, United States",0,0,0,0,0,False
SunboX,9,0.0,Saxony/Germany,0,0,0,0,0,False
TDaglis,25,0.0,Greece,0,0,0,0,0,False
ThierryO,7,0.001093293349406944,Brussels,0,4,0,0,3,False
ThomasSiegmund,1,0.0,Germany,0,0,0,0,0,False
ThomsonTan,2,0.0,,0,0,0,0,0,False
TomHardwicke,1,0.0,The Netherlands,0,0,0,0,0,False
TomTasche,8,0.0,"Vienna, Austria",0,0,0,0,0,False
TooTallNate,2,0.0,"San Francisco, CA",0,0,0,0,0,False
ToonKBC,18,0.0,,0,0,0,0,0,False
Torvaney,1,0.0,London,0,2,0,0,1,False
Tsai1993,1,0.0,,0,0,0,0,0,False
TuurDutoit,1,0.0,Belgium,0,0,0,0,0,False
TylerGrantSmith,1,0.0,"Des Moines, IA",1,6,0,1,3,False
TylerJewell,2,0.0,"San Francisco, CA",0,0,0,0,0,False
Tyriar,3815,0.0,"Seattle, WA",0,0,0,0,0,False
UziTech,2,0.0,United States,0,0,0,0,0,False
VanesaMaribel,1,0.0,"Buenos Aires, Argentina. ",1,0,0,1,0,False
VivaLosDoyers,1,0.0,"Los Angeles, CA",0,0,0,0,0,False
WeeBeasties,3,0.0,"Big Rapids, MI",0,0,0,0,0,False
WerthPADOH,3,0.00021924600248170864,"York, Pennsylvania",1,0,0,1,0,False
XiangyunHuang,2,0.0,Beijing,2,1,0,1,1,False
Xotl,1,0.0,"Guadalajara, México",0,0,0,0,0,False
Yue-Jiang,2,6.973168516196632e-05,Los Angeles,1,0,0,1,0,False
ZainRizvi,1,0.0,,1,1,0,1,1,False
Zarel,1,0.0,"San Francisco, CA",0,0,0,0,0,False
ZijunH,1,0.0,,0,0,0,0,0,False
ZoeyR,1,0.0,"Göteborg, Sweden",0,0,0,0,0,False
a-h,2,0.0,"Leeds, UK",0,0,0,0,0,False
aabdagic,1,0.0,,0,0,0,0,0,False
aadamson,3,0.0,New York,0,0,0,0,0,False
aalucaci,1,0.0,Germany,1,0,0,1,0,False
aarondav,100,0.0,,0,0,0,0,0,False
abecciu,2,0.0,Greater Los Angeles Area,0,0,0,0,0,False
abhik1368,1,0.0,Chicago,0,0,0,0,0,False
abichat,1,0.0,Paris,0,0,0,0,0,False
abmancini,1,0.0,,0,0,0,0,0,False
acornejo,1,0.0,Mountain View CA,0,0,0,0,0,False
actions-user,32,0.0,[],[],[],[],[],[],False
actuarialvoodoo,1,0.0,,1,2,0,1,2,False
adamaveray,2,0.0,"Osaka, Japan",0,0,0,0,0,False
adambanker,1,0.0,"Washington, DC",1,0,0,1,0,False
adamblake,2,0.0,Los Angeles,0,0,0,0,0,False
adamconroy,124,9.336967858127145e-05,,67,16,149,2,1,False
adamjimenez,2,0.0,UK,0,0,0,0,0,False
adamrobinson361,3,0.0002782067789524003,London,0,0,0,0,0,False
adamstrickland,3,0.0,"New York, NY",0,0,0,0,0,False
adisarid,1,0.0,Israel,0,5,0,0,5,False
adob,5,0.0,,0,0,0,0,0,False
adrian555,11,0.0,"555 Bailey Ave, San Jose, CA",0,0,0,0,0,False
adunning,4,0.0,"Oxford, England",2,0,0,1,0,False
aduryagin,2,0.0,Saint Petersburg,0,0,0,0,0,False
aeosynth,3,0.0,California,0,0,0,0,0,False
afritzler,1,0.0,"Heidelberg, Germany",0,0,0,0,0,False
agberg,4,0.0,"Bentonville, AR",0,0,0,0,0,False
agrueneberg,2,0.0,"Durham, NC",0,0,0,0,0,False
agurodriguez,3,0.0,"Montevideo, Uruguay, Earth",0,0,0,0,0,False
agwells,3,0.0,"Wellington, New Zealand",0,0,0,0,0,False
ahhentz,1,0.0,,0,0,0,0,0,False
ahmohamed,1,0.0,Australia,0,0,0,0,0,False
ahtshamraziq,1,0.0,,0,0,0,0,0,False
aj2duncan,1,0.0,,1,0,0,1,0,False
ajmcoqui,19,5.89005386760674e-05,Central Ohio,3,1,0,1,1,False
ajwtech,3,0.0,Virginia,0,0,0,0,0,False
akadoya,1,0.0,"California, USA",0,0,0,0,0,False
akalipetis,16,0.0,"Athens, Greece",0,0,0,0,0,False
akbertram,1,0.0,"The Hague, Netherlands",0,0,0,0,0,False
akgold,48,0.001637627437467604,Washington DC,31,19,2,7,9,True
alambike,3,0.0,Santiago de Compostela,0,0,0,0,0,False
alandipert,892,0.0019943066954844803,Southern California,226,9,10,9,4,False
albandiguer,1,0.0,Sydney,0,0,0,0,0,False
alberto,7,0.0,,0,0,0,0,0,False
albertosantini,2,0.0,"Milan, Italy",0,0,0,0,0,False
aldomann,1,0.0,London,1,1,0,1,1,False
alefebvre-ls,1,0.0,,0,0,0,0,0,False
alex,1,0.0,Washington D.C.,0,0,0,0,0,False
alex-kovoy,1,0.0,,0,0,0,0,0,False
alexanderbeatson,1,0.0,Yangon,1,1,0,1,1,False
alexcrichton,2,0.0,,0,0,0,0,0,False
alexdeleon,1,0.0,"Berlin, Germany",0,0,0,0,0,False
alexishida,1,0.0,Porto Velho - Rondônia - Brazil,0,0,0,0,0,False
alexpghayes,2,0.0007732981172601388,,1,0,0,1,0,False
alexpop,1,0.0,"London, UK",0,0,0,0,0,False
alexr00,25,0.0,"Redmond, WA",0,0,0,0,0,False
alexvpickering,1,0.0,"BC, Canada",0,1,0,0,1,False
alexwhitman,1,0.0,,0,0,0,0,0,False
alexzielenski,4,0.0,"Santa Barbara, CA",0,0,0,0,0,False
alfredopenaalonso,1,0.0,"Logroño, La Rioja, España",0,0,0,0,0,False
allisonhorst,1,0.0,,1,0,0,1,0,False
almasaeed2010,65,0.0,United States,0,0,0,0,0,False
amejia1,4,0.0,,0,0,0,0,0,False
anabranch,2,0.0,California,0,0,0,0,0,False
analyst-miden,3,0.0,"Sydney, Australia",0,0,0,0,0,False
andfoy,1,0.0,"Bogotá, Colombia",0,0,0,0,0,False
andre-d,5,0.0,,0,0,0,0,0,False
andreacampi,40,0.0,"Milano, Italy",0,0,0,0,0,False
andreasgal,455,0.0,,0,0,0,0,0,False
andrewbaxter439,1,0.0,Glasgow,1,1,0,1,1,False
andrewmchen,34,0.0,San Francisco,0,0,0,0,0,False
andrewsali,2,0.0,,0,0,0,0,0,False
andrie,440,0.012502102609571387,"London, United Kingdom",218,15,5,8,7,False
andy2046,1,0.0,Earth,0,0,0,0,0,False
andybons,4,0.0,NYC,0,0,0,0,0,False
andyk,4,0.0,Berkeley CA,0,0,0,0,0,False
andyofsmeg,2,0.0,"Chippenham, UK",2,0,0,1,0,False
angela-li,8,0.0,"Princeton, NJ",8,0,0,1,0,False
angerson,1,0.0,,0,0,0,0,0,False
angusmcleod,9,0.0,Australia,9,0,0,1,0,False
anguyen1210,1,0.0,Geneva,0,0,0,0,0,False
anhhd,1,0.0,"Hanoi, Vietnam",0,0,0,0,0,False
anishathalye,1,0.0,"Cambridge, MA",0,0,0,0,0,False
ankane,1,0.0,"San Francisco, CA",0,1,0,0,1,False
ankon,1,0.0,Amsterdam,0,0,0,0,0,False
anovember,2,0.0,"San Francisco, CA",0,0,0,0,0,False
ansman,4,0.0,"New York, United States",0,0,0,0,0,False
antoine-sachet,4,0.0,UK,0,2,0,0,1,False
antonpaquin,2,0.0,,0,0,0,0,0,False
anylain,1,0.0,,0,0,0,0,0,False
aoles,12,0.0013557165793337393," Heidelberg, Germany",0,0,0,0,0,False
apaprocki,1,0.0,"New York, NY",0,0,0,0,0,False
apg,16,0.0,Mastodon: @apg@bsd.network,0,0,0,0,0,False
apierr,1,0.0,Paris,0,0,0,0,0,False
apilloud,2,0.0,,0,0,0,0,0,False
appplemac,1,0.0,"Berlin, Germany",0,0,0,0,0,False
apreshill,623,0.0022135429430850282,"Portland, Oregon",257,44,39,6,7,False
aranlunzer,4,0.0,,0,0,0,0,0,False
arbelt,1,0.0,,1,0,0,1,0,False
arcanedev-maroc,1,0.0,"Casablanca, Morocco",0,0,0,0,0,False
arcanis,1,0.0,"Paris, France",0,0,0,0,0,False
archaelus,938,0.0,"San Francisco, CA",0,0,0,0,0,False
ardeeshany,1,0.0,"Cambridge, MA",0,0,0,0,0,False
arfon,1,0.0,Edinburgh,1,0,0,1,0,False
arhibot,2,0.0,Moscow,0,0,0,0,0,False
arinto,4,0.0,"Singapore, Singapore",0,0,0,0,0,False
arjunmehta,1,0.0,San Francisco,0,0,0,0,0,False
arkadyzalko,1,0.0,"Palo Alto, CA",0,0,0,0,0,False
arni-magnusson,1,0.0,Rome,0,0,0,0,0,False
aronatkins,169,0.0035823367830511306,"Arlington, MA",19,8,11,2,5,True
arturadib,295,0.001884472556549238,Vermont,0,0,0,0,0,False
arvind,1,0.0,,0,0,0,0,0,False
asadm,1,0.0,San Francisco Bay Area,0,0,0,0,0,False
ashaffer,1,0.0,,0,0,0,0,0,False
asherkhb,4,0.0,"Salt Lake City, UT",0,0,0,0,0,False
asimumba,4,0.0,"Lusaka, Zambia",0,0,0,0,0,False
asm89,1,0.0,,0,0,0,0,0,False
aspeteRakete,1,0.0,,0,0,0,0,0,False
astefanutti,2,0.0,"Paris, France",0,0,0,0,0,False
astropuffin,1,0.0,San Francisco,0,0,0,0,0,False
atheriel,2,0.00026633828351145706,"Toronto, Canada",2,0,0,1,0,False
athoune,6,0.0,Paris,0,0,0,0,0,False
atroiano,7,0.001066185293768477,ATL,7,0,0,2,0,False
atusy,34,0.00031067897148230627,Japan,19,5,4,2,3,False
atyre2,1,0.0,"Lincoln, NE",0,0,0,0,0,False
auke-,1,0.0,,0,0,0,0,0,False
aus,2,0.0,Texas,0,0,0,0,0,False
avalanche123,2,0.0,"Conshohocken, PA",0,0,0,0,0,False
ax42,1,0.0,,0,0,0,0,0,False
axls,8,0.0,,0,0,0,0,0,False
ayapi,4,0.0,"Tokyo, Japan",0,0,0,0,0,False
azdagron,3,0.0,,0,0,0,0,0,False
azure-pipelines[bot],1,0.0,[],[],[],[],[],[],False
b,7,0.0,"Seattle, WA",0,0,0,0,0,False
bajtos,5,0.0,"Czech Republic, Hradec Králové",0,0,0,0,0,False
barcaroli,6,0.0,Rome,6,0,0,1,0,False
batpigandme,12,0.0022807716936253434,,155,2,22,3,2,False
bblodfon,1,0.0,,0,0,0,0,0,False
bborgesr,470,0.0005412217415994664,Portugal,0,0,0,0,0,False
bcantrill,1,0.0,,0,0,0,0,0,False
bcrossman,1,0.0,Maine,0,0,0,0,0,False
bdwyertech,5,0.0,The Cloud,0,0,0,0,0,False
beansrowning,1,0.0,"Atlanta, GA",1,0,0,1,0,False
beanumber,1,0.0,"Northampton, MA",0,0,0,0,0,False
bearloga,4,0.0,"Pittsburgh, PA",0,0,0,0,0,False
beatrizmilz,1,0.0,"São Paulo, Brasil",1,1,0,1,1,False
benadida,59,0.0,,0,0,0,0,0,False
benatkin,4,0.0,"Miami, FL",0,0,0,0,0,False
benmarwick,3,0.0008906454319038953,Seattle,0,0,0,0,0,False
bennoleslie,1,0.0,,0,0,0,0,0,False
bernd-steinert-itc,1,0.0,,0,0,0,0,0,False
bernerdschaefer,1,0.0,"Portland, OR",0,0,0,0,0,False
beroe,1,0.0,,0,0,0,0,0,False
beyang,1,0.0,"San Francisco, CA",0,0,0,0,0,False
bfis,1,0.0,,0,0,0,0,0,False
bfisher-novetta,1,0.0,,0,0,0,0,0,False
bfritz,1,0.0,"Carmel, IN",0,0,0,0,0,False
bgentry,28,0.0,"San Francisco, CA",0,0,0,0,0,False
bgreenwell,1,0.0,"Cincinnati, Ohio",0,0,0,0,0,False
bgw,38,0.0,"Redwood City, CA",0,0,0,0,0,False
bhaskarvk,106,0.001003800349077998,,0,0,0,0,0,False
bierdok,1,0.0,France,0,0,0,0,0,False
bigeasy,2,0.0,"New Orleans, LA",0,0,0,0,0,False
bigkevmcd,12,0.0,"Glasgow, UK",0,0,0,0,0,False
billchurch,2,0.0,,0,0,0,0,0,False
bitdeli-chef,1,0.0,"San Francisco,CA",0,0,0,0,0,False
bjornerstedt,1,0.0,,1,1,0,1,1,False
blairj09,116,0.004986612188789394,,45,41,2,6,7,True
blakmatrix,2,0.0,Gone Beyond Beyond,0,0,0,0,0,False
blink1073,10,0.0,"Dallas, Texas",0,0,0,0,0,False
blongworth,2,0.0,,0,0,0,0,0,False
bmeck,5,0.0,"Austin, Texas",0,0,0,0,0,False
bmironenko,2,0.0,"Baltimore, MD",0,0,0,0,0,False
bnekolny,2,0.0,"Denver, CO",0,0,0,0,0,False
bnoordhuis,897,0.002794542401377125,The Netherlands,0,0,0,0,0,False
bobjansen,7,0.0,Amsterdam,0,0,0,0,0,False
bolknote,19,0.0,"Russia, Kazan",0,0,0,0,0,False
bolste,1,0.0,,0,0,0,0,0,False
bottleofwater,1,0.0,,0,0,0,0,0,False
bphinney,2,0.0,,0,0,0,0,0,False
bquast,9,0.0014167269531464386,Geneva,0,1,0,0,1,False
bradleeedmondson,1,0.0,"Boston, MA",0,0,0,0,0,False
bradleyboehmke,1,0.0,Ohio,1,0,0,1,0,False
brandonc,2,0.0,"Boulder, CO",0,0,0,0,0,False
branflake2267,3,0.0,"Arlington, WA",0,0,0,0,0,False
braunsb,1,0.0,,0,1,0,0,1,False
braverock,1,0.0,"Chicago, IL",0,0,0,0,0,False
brendandahl,296,0.0,"San Francisco, CA",0,0,0,0,0,False
brendanhcullen,7,2.7460369431968698e-05,"Portland, OR",7,1,0,2,1,False
brentthorne,1,0.0,Canada,0,0,0,0,0,False
brfealy,2,0.0,,0,0,0,0,0,False
brianrice2,2,0.0,"Chicago, IL",2,0,0,1,0,False
bronsonk0619,14,0.0,,14,1,0,1,1,False
brooklynbagel,1,0.0,New York City,0,0,0,0,0,False
brunoamaral,3,0.0,"Lisbon, Portugal",0,0,0,0,0,False
bsnote,1,0.0,Chisinau,0,0,0,0,0,False
btd,1,0.0,"Deutschland, München",0,0,0,0,0,False
btelles,5,0.0,"Florida, US",0,0,0,0,0,False
bthieurmel,4,0.0,Paris,0,1,0,0,1,False
btilford,2,0.0,Idaho,0,0,0,0,0,False
btm,1,0.0,"Surry, ME",0,0,0,0,0,False
bubifengyun,1,0.0,,0,1,0,0,1,False
budde377,1,0.0,"London, GB",0,0,0,0,0,False
butchyyyy,2,0.0,"Prague, Czech Republic",0,0,0,0,0,False
bvktc,27,0.0,,0,0,0,0,0,False
bwlewis,30,0.00037268652628400206,Appalachia,0,0,0,0,0,False
byzheng,4,0.0,,0,1,0,0,1,False
c-spencer,3,0.0,England,0,0,0,0,0,False
c4milo,1,0.0,Medellín and New York.,0,0,0,0,0,False
cHYzZQo,1,0.0,,0,0,0,0,0,False
cadorn,8,0.0,Canada,0,0,0,0,0,False
caesarivs,1,0.0,,0,0,0,0,0,False
caewok,1,0.0,,0,0,0,0,0,False
cainus,1,0.0,,0,0,0,0,0,False
cap10morgan,2,0.0,"Denver, CO, USA",0,0,0,0,0,False
carlganz,10,0.0010201125863963396,Los Angeles,0,0,0,0,0,False
carneybill,114,0.00016720149904423436,Boston,0,0,0,0,0,False
caromengoni,1,0.0,,1,0,0,1,0,False
cbaker118,2,0.0,,0,0,0,0,0,False
cbarraford,282,0.0038579162401029127,"Boston, MA",0,0,0,0,0,True
cboettig,70,0.007191706621384428,,0,5,0,0,2,False
cbrueffer,1,0.0,"Lund, Sweden",0,0,0,0,0,False
ccrebolder,1,0.0,,0,0,0,0,0,False
cderv,147,0.012065394887940728,Paris,94,61,18,11,11,True
cdhowe,119,0.0003702392255501806,"Boston, MA",12,0,1,5,0,True
cdodd,1,0.0,,0,0,0,0,0,False
chabou,6,0.0,Strasbourg,0,0,0,0,0,False
changfenxia,1,0.0,Shenzhen,0,0,0,0,0,False
chani,1,0.0,Germany,0,0,0,0,0,False
charlie86,12,0.0,,0,0,0,0,0,False
charliejhadley,4,0.0007140349074829078,"Oxford, UK",0,0,0,0,0,False
chasemc,1,0.0,Chicago,0,1,0,0,1,False
chasephillips,1,0.0,California,0,0,0,0,0,False
cheeseplus,3,0.0,,0,0,0,0,0,False
chendaniely,4,0.00059358264792018,"New York, NY",1,0,0,1,0,False
cherouvim,3,0.0,"Athens, Greece",0,0,0,0,0,False
chistogo,1,0.0,Bay Area,0,0,0,0,0,False
chjj,61,0.0,San Francisco,0,0,0,0,0,False
chobie,2,0.002794542401377125,Tokyo/Japan,0,0,0,0,0,False
chocoboSan,1,0.0,,0,0,0,0,0,False
chris-dudley,1,0.0,,1,1,0,1,1,False
chrisbank,1,0.0,,0,0,0,0,0,False
chrisbroome,1,0.0,"McLean, VA",0,0,0,0,0,False
chrisjacob,1,0.0,Australia,0,0,0,0,0,False
chrisjake,1,0.0,,1,0,0,1,0,False
chrisroberts,5,0.0,,0,0,0,0,0,False
christinamedeiros,1,0.0,,1,0,0,1,0,False
christophergandrud,2,0.0,Berlin,0,0,0,0,0,False
chrisvoncsefalvay,3,0.0,"Budapest, Hungary",0,0,0,0,0,False
chrmarti,1,0.0,,0,0,0,0,0,False
cjerdonek,13,0.0,"San Francisco, CA",0,0,0,0,0,False
cjheath,1,0.0,Sydney Australia,0,0,0,0,0,False
claco,2,0.0,"Tallmadge, OH",0,0,0,0,0,False
claudio5678,1,0.0,,0,0,0,0,0,False
cmluciano,6,0.0,,0,0,0,0,0,False
coagulant,2,0.0,Moscow,0,0,0,0,0,False
coatless,9,0.00188880218419029,United States,2,3,1,2,3,False
codeodor,2,0.0,"Houston, TX",0,0,0,0,0,False
coderaiser,4,0.0,Ukraine,0,0,0,0,0,False
coderanger,218,0.006471121897397484,"Lafayette, CA, USA",0,0,0,0,0,False
coderarity,16,0.0030527586271495064,,0,0,0,0,0,False
codetrainee,1,0.0,"Melbourne, VIC",0,0,0,0,0,False
coforfe,3,0.0,Spain,0,0,0,0,0,False
colah,43,0.0,San Francisco,0,0,0,0,0,False
colearendt,1778,0.005485831346536615,,926,57,16,6,13,False
colinmollenhour,3,0.0,Tennessee,0,0,0,0,0,False
colinta,1,0.0,"Asheville, NC",0,0,0,0,0,False
cortinah,1,0.0,"New York, NY",0,0,0,0,0,False
coryjamesfisher,1,0.0,"Palm Beach, Florida",0,0,0,0,0,False
cpeterso,3,0.0,SF Bay Area,0,0,0,0,0,False
cpovirk,4,0.0,,0,0,0,0,0,False
cpsievert,1130,0.0031308898920592684,,847,122,197,21,19,True
cpu-chromium,1,0.0,"California, USA",0,0,0,0,0,False
crewjam,142,0.0,,0,0,0,0,0,False
cristcost,1,0.0,,0,0,0,0,0,False
cronopio,5,0.0,Pereira,0,0,0,0,0,False
crsh,3,0.00021924600248170864,"Cologne, Germany",0,0,0,0,0,False
crtahlin,4,0.0,Slovenia,0,0,0,0,0,False
cryptexis,2,0.0,Armenia,0,0,0,0,0,False
csadilek,1,0.0,Toronto,0,0,0,0,0,False
csgillespie,4,0.001957567788061073,"Newcastle, UK",1,9,0,1,2,False
csurquin,2,0.0,,0,0,0,0,0,False
cubiclesoft,1,0.0,,0,0,0,0,0,False
cushon,3,0.0,,0,0,0,0,0,False
cvasii,1,0.0,,0,0,0,0,0,False
cvermilion,1,0.0,"Portland, ME",0,0,0,0,0,False
cweider,3,0.0,"San Francisco, CA",0,0,0,0,0,False
cwickham,2,0.00019474120507881896,"Corvallis, OR",1,0,0,1,0,False
cxelegance,8,0.0,southern hemisphere,0,0,0,0,0,False
d18s,2,0.0,Edinburgh,0,0,0,0,0,False
daattali,108,0.008795030655834014,Toronto,7,40,0,4,10,False
daikikatsuragawa,1,0.0,Osaka,1,0,0,1,0,False
daj025,7,0.0,,0,0,0,0,0,False
dakep,1,0.0,"Vancouver, BC",1,1,0,1,1,False
daltonhance,1,0.0,,0,1,0,0,1,False
damz,1,0.0,,0,0,0,0,0,False
danbentley,2,0.0,Leeds,0,0,0,0,0,False
dangoor,14,0.0,"Ann Arbor, MI",0,0,0,0,0,False
dangrossman,56,0.0,"Montgomeryville, PA",0,0,0,0,0,False
danichusfu,1,0.0,,1,0,0,1,0,False
danielbeardsley,1,0.0,"San Luis Obispo, CA",0,0,0,0,0,False
danielfrg,175,0.00023206296842993876,,162,1,47,4,1,False
danielhochman,1,0.0,"Austin, Texas",0,0,0,0,0,False
danielkrizian,1,0.0,"London, UK",0,0,0,0,0,False
danielsdeleo,2,0.0,"Seattle, WA",0,0,0,0,0,False
danjordan,4,0.0,UK,0,0,0,0,0,False
danklotz,2,0.0,,0,0,0,0,0,False
dankurka,240,0.0,,0,0,0,0,0,False
danp,6,0.0,"Halifax, Nova Scotia, Canada",0,0,0,0,0,False
darashi,2,0.0,"Sapporo, Hokkaido, Japan",0,0,0,0,0,False
daroczig,1,0.0,Los Angeles & Hungary,1,0,0,1,0,False
data-steve,1,0.0,"Buffalo, NY",0,0,0,0,0,False
dataopt,7,0.0,,0,0,0,0,0,False
davechilders,1,0.0,North Carolina,0,0,0,0,0,False
davidben,3,0.0,,0,0,0,0,0,False
daviddalpiaz,1,0.0,"Chambana, IL",1,1,0,1,1,False
davidkane9,1,0.0,,0,1,0,0,1,False
davidkretch,1,0.0,"Washington, DC",0,0,0,0,0,False
davido,2,0.0,,0,0,0,0,0,False
davidzhao,1,0.0,"San Francisco, CA",0,0,0,0,0,False
dbczumar,22,0.0,,0,0,0,0,0,False
dbort,8,0.0,,0,0,0,0,0,False
dbrrt,2,0.0,Earth,0,0,0,0,0,False
dcormier,1,0.0,,0,0,0,0,0,False
dcossyleon,10,0.00010895188717141697,"Atlanta, GA",9,2,1,2,1,False
dcrosta,1,0.0,,0,0,0,0,0,False
dcylabs,7,0.0,,0,0,0,0,0,False
ddiez,1,0.0,Japan,0,0,0,0,0,False
debloper,2,0.0,,0,0,0,0,0,False
decates,1,0.0,,0,0,0,0,0,False
defunctzombie,2,0.0,,0,0,0,0,0,False
defunkt,5,0.0,,0,0,0,0,0,False
denis-anisimov,1,0.0,Saint Petersburg,0,0,0,0,0,False
dennyglee,8,0.0,"Seattle, WA",0,0,0,0,0,False
dependabot-preview[bot],52,0.007220599588841288,[],[],[],[],[],[],False
dependabot[bot],13,0.05029846740388533,[],[],[],[],[],[],False
derekcroft,1,0.0,"Bloomfield Hills, MI",0,0,0,0,0,False
desautm,2,0.00021823283410097897,"Chambly, Canada",0,0,0,0,0,False
desoi,2,0.0,,0,0,0,0,0,False
dethmasque,18,0.00025336011312292455,"Boston, MA",18,0,22,3,0,False
detule,1,0.0,,0,0,0,0,0,False
deviantony,2,0.0,"Auckland, New Zealand",0,0,0,0,0,False
devongovett,1,0.0,San Francisco,0,0,0,0,0,False
dfalbel,1066,0.004364324345185422,Brazil,405,7,7,12,3,False
dfalty,24,1.0543123939103224e-06,,24,1,0,1,1,False
dfeng,1,0.0,,0,0,0,0,0,False
dgabbe,1,0.0,,1,2,0,1,2,False
dgeorge,10,0.0,San Francisco,0,0,0,0,0,False
dggc,7,0.0,"Belo Horizonte, Minas Gerais, Brasil",0,0,0,0,0,False
dgoradia,1,0.0,"Los Angeles, CA",0,0,0,0,0,False
dgromer,13,0.0012317142345501378,Germany,0,0,0,0,0,False
dgrtwo,1,0.0,New York,0,2,0,0,1,False
dherbst,4,0.0,"Philadelphia, PA",0,0,0,0,0,False
dhiemstra,1,0.0,"Amsterdam, Holland",0,0,0,0,0,False
dhoelle,1,0.0,"San Francisco, CA",0,0,0,0,0,False
dhui,1,0.0,,0,0,0,0,0,False
dickoa,3,0.0,"Dakar, Senegal",0,0,0,0,0,False
dieselburner,1,0.0,"Bern, Switzerland",0,0,0,0,0,False
digininja,1,0.0,UK,0,0,0,0,0,False
dirkschumacher,5,0.0,Berlin,0,1,0,0,1,False
dividuum,1,0.0,Karlsruhe,0,0,0,0,0,False
djordje-golubovic,1,0.0,,0,0,0,0,0,False
dkilfoyle,1,0.0,,0,0,0,0,0,False
dlebauer,1,0.0,"Tucson, AZ",0,0,0,0,0,False
dleutnant,5,0.0,"Essen, Germany",0,0,0,0,0,False
dmatrix,9,0.0,"Fremont, CA",0,0,0,0,0,False
dmbates,1,0.0,"Madison, WI, U.S.A.",0,0,0,0,0,False
dmkaplan2000,2,0.0,,2,2,0,1,2,False
dmpe,14,1.380279185040358e-05,The Web,0,0,0,0,0,False
dmurdoch,7,0.00376318602364178,,1,3,0,1,1,False
dnagir,1,0.0,Melbourne,0,0,0,0,0,False
docmanny,1,0.0,,0,0,0,0,0,False
dominictarr,36,0.0,New Zealand,0,0,0,0,0,False
dongzhuoer,7,0.0006989435260471955,"Beijing, China",0,0,0,0,0,False
dougm,2915,0.0,"San Francisco, CA",0,0,0,0,0,False
dozoisch,1,0.0,"San Francisco, CA",0,0,0,0,0,False
dpastoor,2,0.00025618817261382343,"Rockville, MD",0,1,0,0,1,False
dpprdan,3,3.474751672122733e-05,"Hamburg, Germany",0,0,0,0,0,False
dpranke,4,0.0,,0,0,0,0,0,False
dr-harper,6,5.199027734960872e-05,"Southampton, UK",0,0,0,0,0,False
dragonstyle,557,0.0,"Boston, MA",557,3,1,1,1,True
drakeguan,1,0.0,Taipei / Taiwan,0,0,0,0,0,False
drauggres,1,0.0,,0,0,0,0,0,False
drdarshan,1,0.0,"Bellevue, WA",0,0,0,0,0,False
drewp,2,0.0,,0,0,0,0,0,False
drorata,1,0.0,,0,0,0,0,0,False
dsbecker,1,0.0,"NorCal, USA",0,0,0,0,0,False
dscape,1,0.0,"London, United Kingdom",0,0,0,0,0,False
dselivanov,3,0.00021426640968087867,Abu-Dhabi,0,0,0,0,0,False
dshuman1,2,0.0,"St. Paul, MN",0,0,0,0,0,False
dskard,30,9.71134112879938e-05,,3,0,0,1,0,False
dspinellis,1,0.0,"Athens, Greece",0,0,0,0,0,False
dtkaplan,1,0.0,"Saint Paul, MN",0,2,0,0,1,False
duckzland,2,0.0,Shanghai,0,0,0,0,0,False
dude051,4,0.0,San Antonio,0,0,0,0,0,False
duju211,1,0.0,,1,0,0,1,0,False
dustin-decker,4,0.0,San Francisco,0,0,0,0,0,False
dvv,2,0.0,"Russia, Tver",0,0,0,0,0,False
eamcvey,1,0.0,"Chapel Hill, NC",0,0,0,0,0,False
eamodio,1,0.0,MA,0,0,0,0,0,False
eaurele,1,0.0,,0,0,0,0,0,False
echasnovski,7,0.0,"Kharkiv, Ukraine",0,0,0,0,0,False
ecmrauh,1,0.0,,0,0,0,0,0,False
ecortens,1,0.0,"Calgary, Alberta, Canada",0,0,0,0,0,False
eczajk1,1,0.0,Maryland,0,0,0,0,0,False
edaniels,2,0.0,"New York, NY",0,0,0,0,0,False
edavidaja,1,0.0,"Washington, DC",1,3,0,1,3,True
eddelbuettel,23,0.001055459795108656,"Chicago, IL, USA",0,0,0,0,0,False
edgararuiz,673,0.0030881121178190146,,10,1,0,2,1,False
edoffagne,2,0.0,Belgium,0,0,0,0,0,False
edward22,1,0.0,,0,0,0,0,0,False
edwindj,1,0.0,@edwindjonge,0,0,0,0,0,False
edzer,7,0.0,"Muenster, Germany",0,0,0,0,0,False
eedeleon,1,0.0,,0,0,0,0,0,False
egorkhmelev,18,0.0,Moscow,0,0,0,0,0,False
ehberg,1,0.0,,0,0,0,0,0,False
eikeon,3,0.0,,0,0,0,0,0,False
eiri,1,0.0,Halifax,0,0,0,0,0,False
eiriksm,1,0.0,"Trondheim, Norway",0,0,0,0,0,False
ejpbruel2,4,0.0,,0,0,0,0,0,False
ekuefler,2,0.0,"Sunnyvale, CA",0,0,0,0,0,False
eldavido,1,0.0,"San Francisco, CA",0,0,0,0,0,False
elenaruiz17,31,0.0,,31,0,1,1,0,False
elfsternberg,2,0.0,"Seattle, WA",0,0,0,0,0,False
eliocamp,4,0.0,"Buenos Aires, Argentina",0,4,0,0,4,False
elisescu,1,0.0,"Copenhagen, Denmark",0,0,0,0,0,False
ellessenne,2,0.0,"Stockholm, Sweden",0,0,0,0,0,False
elliots,1,0.0,"Sydney, NSW",0,0,0,0,0,False
ellisvalentiner,2,0.0,Ann Arbor,0,0,0,0,0,False
eloff,2,0.0,,0,0,0,0,0,False
emcrisan,1,0.0,,0,2,0,0,1,False
emilio,1,0.0,"Berlin, Germany / Salamanca, Spain",1,0,0,1,0,False
emilyriederer,3,8.667976031510066e-05,"Chicago, IL",1,1,0,1,1,False
emmanuel-p,2,0.0,,0,0,0,0,0,False
emonty,1,0.0,"New Orleans, LA",0,0,0,0,0,False
emres,6,0.0,"Antwerp, Belgium",0,0,0,0,0,False
enriquegit,1,0.0,"Oslo, Norway",1,0,0,1,0,False
epetrovski,5,0.0,"Copenhagen, Denmark",0,0,0,0,0,False
epicfaace,10,0.0,"Palo Alto, CA",0,0,0,0,0,False
erasmospunk,2,0.0,Italy,0,0,0,0,0,False
ericastor,3,0.0,"New York, NY",0,0,0,0,0,False
erichare,1,0.0,"Marysville, WA",0,0,0,0,0,False
erichelgeson,1,0.0,Minnesota,0,0,0,0,0,False
erickt,21,0.0,,0,0,0,0,0,False
ericricky,1,0.0,,0,0,0,0,0,False
erictleung,2,0.0,"Portland, Oregon",2,0,0,1,0,False
erikchen,5,0.0,,0,0,0,0,0,False
erikdubbelboer,2,0.0,Amsterdam,0,0,0,0,0,False
erikfrey,2,0.0,"Palo Alto, CA",0,0,0,0,0,False
erikwright,3,0.0,"Ottawa, ON",0,0,0,0,0,False
espinielli,7,0.000567811186603726,"Bruxelles, Belgium",0,1,0,0,1,False
ethanwhite,1,0.0,"Gainesville, FL",0,1,0,0,1,False
etiennebr,2,0.00027132657189031794,Montreal,0,4,0,0,2,False
evanmcc,9,0.0,"Davis, CA",0,0,0,0,0,False
evanshortiss,3,0.0,Los Angeles,0,0,0,0,0,False
everdark,2,0.0,Singapore,2,5,0,1,3,False
exedor,1,0.0,,0,0,0,0,0,False
exsilium,2,0.0,Estonia,0,0,0,0,0,False
eyk801,7,0.0,,0,0,0,0,0,False
ezotrank,1,0.0,"Thailand, Phuket",0,0,0,0,0,False
falbukrek,16,0.0,,16,0,1,1,0,False
farrjere,2,0.0,,0,0,0,0,0,False
farshidce,2,0.0,San Francisco,0,0,0,0,0,False
fbreitwieser,1,0.0,,0,0,0,0,0,False
fbriody,1,0.0,"Chicago, IL",1,0,0,1,0,False
federicomarini,1,0.0,Mainz,0,0,0,0,0,False
fedy2,10,0.0,London,0,0,0,0,0,False
fejesjoco,2,0.0,,0,0,0,0,0,False
felipegruoso,1,0.0,,0,0,0,0,0,False
felixse,3,0.0,"Nuremberg, Germany",0,0,0,0,0,False
ferd,123,0.0,"Saguenay, Qc, Canada",0,0,0,0,0,False
fereshtehRS,4,1.0950716667221524e-05,,0,0,0,0,0,False
ferhatelmas,1,0.0,Amsterdam,0,0,0,0,0,False
ficristo,3,0.0,,0,0,0,0,0,False
fishgal64,1,0.0,"Seattle, WA",0,0,0,0,0,False
fjakobs,1470,0.0038224895606547423,Amsterdam,0,0,0,0,0,False
flinnb,1,0.0,,0,0,0,0,0,False
flor14,2,0.0,Argentina,2,0,0,1,0,False
flumm,1,0.0,Vienna,0,0,0,0,0,False
flyaflya,2,0.0003011715025349654,,1,0,0,1,0,False
flybayer,1,0.0,Digital Nomad,0,0,0,0,0,False
flying-sheep,17,0.0010957597139120822,München,0,1,0,0,1,False
fmannhardt,1,0.0,"Eindhoven, Netherlands",0,1,0,0,1,False
fmarier,2,0.0,"Vancouver, Canada",0,0,0,0,0,False
fmichonneau,2,9.173397086077041e-05,"Gainesville, FL",0,1,0,0,1,False
foxylion,1,0.0,Germany,0,0,0,0,0,False
fperie,2,0.0,Toulouse,0,0,0,0,0,False
francoisnicholas,3,0.0,San Francisco Bay Area,0,0,0,0,0,False
frankwis,1,0.0,"San Francisco, CA",0,0,0,0,0,False
frareb,1,0.0,,0,0,0,0,0,False
freddyboucher,3,0.0,Sydney,0,0,0,0,0,False
frederik-elwert,1,0.0,Bochum,0,0,0,0,0,False
fredricj,1,0.0,Sweden,0,0,0,0,0,False
freebroccolo,1,0.0,,0,0,0,0,0,False
freeformz,7,0.0,"West Linn, OR",0,0,0,0,0,False
frenchja,1,0.0,"Chicago, IL",0,0,0,0,0,False
fringd,1,0.0,,0,0,0,0,0,False
frncsrss,16,0.0,,0,0,0,0,0,False
frobtech,1,0.0,California,0,0,0,0,0,False
fyears,1,0.0,,0,0,0,0,0,False
gaborcsardi,207,4.228693045985869e-05,"Oxford, UK",2,6,1,1,1,True
gadenbuie,8,0.002453100362756754,"St. Petersburg, FL",4,10,1,4,5,False
gagolews,1,0.0,"Melbourne, VIC, Australia",1,0,0,1,0,False
galachad,1,0.0,"Warsaw, Poland",0,0,0,0,0,False
galstrom21,2,0.0,,0,0,0,0,0,False
gardellajuanpablo,3,0.0,,0,0,0,0,0,False
garrettgman,519,0.007470470485082988,,44,20,0,3,4,False
garthtarr,1,0.0,Australia,0,0,0,0,0,False
gdequeiroz,1,0.0,"San Francisco, CA",0,0,0,0,0,False
geertj,1,0.0,Boston Area,0,0,0,0,0,False
georgeh,1,0.0,"Detroit, MI",0,0,0,0,0,False
gergness,1,0.0,"St Paul, MN",0,1,0,0,1,False
gergo85,1,0.0,"Hungary, Debrecen",0,0,0,0,0,False
gerr1t,1,0.0,Netherlands,0,0,0,0,0,False
getong,1,0.0,广州,0,0,0,0,0,False
gfhuertac,2,0.0,"Viña del Mar, Chile",0,0,0,0,0,False
giannis,1,0.0,Amsterdam | Athens,0,0,0,0,0,False
gidden,4,0.0,"Laxenburg, Vienna",0,0,0,0,0,False
gifi,2,0.0,,0,0,0,0,0,False
gigaherz,34,0.0,Spain,0,0,0,0,0,False
gigasquid,2,0.0,"Cincinnati, OH",0,0,0,0,0,False
gigi81,1,0.0,London,0,0,0,0,0,False
gilad61,1,0.0,,0,0,0,0,0,False
gilles,4,0.0,"New York, NY",0,0,0,0,0,False
ginberg,2,0.0,Remote,2,0,0,2,0,False
gioa,1,0.0,,0,0,0,0,0,False
gitter-badger,1,0.0,Safe in the Gitter den,0,0,0,0,0,False
giuseppec,1,0.0,,0,0,0,0,0,False
gjoneski,1,0.0,,0,0,0,0,0,False
gkdn,531,0.0,,0,0,0,0,0,False
gkleiman,6,0.0,,0,0,0,0,0,False
glasser,4,0.0,"San Francisco, CA",0,0,0,0,0,False
glin,501,0.0014908589631284538,"Houston, TX",96,4,26,3,3,False
glneto,2,0.0,,0,0,0,0,0,False
goffrie,1,0.0,San Francisco,0,0,0,0,0,False
gokceneraslan,1,0.0,,0,0,0,0,0,False
goldingn,48,2.896193599494511e-05,University of Melbourne,0,0,0,0,0,False
goruha,14,0.0,"Russia, Omsk",0,0,0,0,0,False
gotjosh,1,0.0,"London, UK",0,0,0,0,0,False
gou4shi1,3,0.0,Chima,0,0,0,0,0,False
grabarczyk-t,1,0.0,,0,0,0,0,0,False
gracelawley,2,5.939833035037636e-05,"Portland, OR",2,0,0,2,0,False
gracenoah,1,0.0,,0,0,0,0,0,False
grahamrp,1,0.0,"England, UK",0,0,0,0,0,False
graingert,1,0.0,,0,0,0,0,0,False
grantr,2,0.0,"Seattle, WA",0,0,0,0,0,False
gregblomquist,1,0.0,,0,0,0,0,0,False
gregkare,1,0.0,"Berlin, DE",0,0,0,0,0,False
gregleaver,3,0.0,"Kitchener, Ontario",0,0,0,0,0,False
gregsako,2,0.0,,0,0,0,0,0,False
gregswinehart,13,0.000125526112309823,,13,0,0,2,0,False
greypants,1,0.0,"Falls Church, VA",0,0,0,0,0,False
grigio,3,0.0,,0,0,0,0,0,False
grimalschi,5,0.0,,0,0,0,0,0,False
grimbough,1,0.0,,1,0,0,1,0,False
gsganden,2,0.0,"Chicago, IL",0,0,0,0,0,False
gsoltis,2,0.0009198418606038154,,0,0,0,0,0,False
gsteinbu,2,1.1876253572446377e-05,,3,5,0,2,2,False
gtritchie,2881,0.1018493254012002,Seattle,775,176,165,4,3,False
gudatcomputers,1,0.0,,0,0,0,0,0,False
guilhem,3,0.0,Paris,0,0,0,0,0,False
guybrush,1,0.0,Austria,0,0,0,0,0,False
gvwilson,162,0.0017344600760599307,"Toronto, Ontario",158,4,6,2,2,False
gwmatthews,1,0.0,,1,0,1,1,0,False
gyohng,1,0.0,,0,0,0,0,0,False
habi,1,0.0,"Bern, Switzerland",0,0,0,0,0,False
hadley,1285,0.012781463999157897,"Houston, TX",87,59,15,6,12,False
hafen,1,0.0,"WA, USA",0,2,0,0,2,False
hallowkm,2,0.0,,0,0,0,0,0,False
hamroune,2,0.0,,0,0,0,0,0,False
hananaharonof,2,0.0,Tel-Aviv,0,0,0,0,0,False
haozhu233,8,0.0017023563107066713,"Boston, MA ",1,0,0,1,0,False
harikishorekuppa,1,0.0,,0,0,0,0,0,False
harlanbarnes,5,0.0,"Marietta, GA",0,0,0,0,0,False
harrismcgehee,1,0.0,"Charlottesville, VA",0,0,0,0,0,False
harryprince,1,0.0,Jilin University of Finance and Economics,0,0,0,0,0,False
harupiko,3,0.0,,0,0,0,0,0,False
hcorrada,9,0.0,,0,0,0,0,0,False
hdf,1,0.0,"Budapest, Hungary",0,0,0,0,0,False
hdrab127,5,0.0,,0,0,0,0,0,False
heavenzone,1,0.0,China,0,0,0,0,0,False
helmingstay,1,0.0,,0,0,0,0,0,False
henningsway,1,0.0,Hamburg,0,0,0,0,0,False
henry090,92,1.1333587020294624e-05,Baku,67,13,0,2,5,False
hernansartorio,1,0.0,Uruguay,0,0,0,0,0,False
heroku-mirror,7,0.0,,0,0,0,0,0,False
hex-ci,1,0.0,"Beijing, China",0,0,0,0,0,False
heyLu,2,0.0,Leipzig,0,0,0,0,0,False
heyvito,4,0.0,"São Paulo, Brazil",0,0,0,0,0,False
himura,1,0.0,"Tokyo, Japan",0,0,0,0,0,False
hindol,1,0.0,"Bangalore, India",0,0,0,0,0,False
hinoka,5,0.0,,0,0,0,0,0,False
hiro-su,3,0.0,Tokyo/Japan,0,0,0,0,0,False
hitsthings,2,0.0,"Sydney, Australia",0,0,0,0,0,False
hnakamur,4,0.0,"Osaka, Japan",0,0,0,0,0,False
hohwille,1,0.0,Germany,0,0,0,0,0,False
hollywoof,3,0.0001749771594777166,,1,1,0,1,1,False
hrak,2,0.0,"Haarlem, the Netherlands",0,0,0,0,0,False
hrbrmstr,4,0.0,Maine,1,7,0,1,3,False
hsm207,1,0.0,Everywhere,1,0,0,1,0,False
hsteinberg,1,0.0,"Forest Park, IL",1,0,0,1,0,False
huashengdun,1,0.0,"Jiaxing, China",0,0,0,0,0,False
hufman,1,0.0,"San Jose, CA, USA",0,0,0,0,0,False
hughjonesd,3,0.0007608421420757472,,0,0,0,0,0,False
hugohomem,1,0.0,Rio de Janeiro,0,0,0,0,0,False
hungryblank,1,0.0,"Berlin, Germany",0,0,0,0,0,False
huxingyi,1,0.0,"Darwin, Australia",0,0,0,0,0,False
iMoses,2,0.0,,0,0,0,0,0,False
iafonov,1,0.0,"Palo Alto, CA",0,0,0,0,0,False
iambaim,1,0.0,,0,0,0,0,0,False
ianlewis,1,0.0,"Tokyo, Japan",0,0,0,0,0,False
iartarisi,2,0.0,"London, UK",0,0,0,0,0,False
ibaca,2,0.0,"Málaga, España",0,0,0,0,0,False
ibc,1,0.0,Bilbao & Madrid,0,0,0,0,0,False
icdark,5,0.0,,0,0,0,0,0,False
iebuggy,3,0.0,,0,0,0,0,0,False
ieure,2,0.0,"Portland, OR",0,0,0,0,0,False
ifrit98,1,0.0,"Syracuse, NY",1,2,0,1,2,False
ignatov,1,0.0,"Saint-Petersburg, Russia",0,0,0,0,0,False
igstan,9,0.0,"Bucharest, Romania",0,0,0,0,0,False
ijlyttle,6,0.0007162344606663501,"Iowa City, Iowa, USA",0,0,0,0,0,False
ilanuriel,3,0.0,,0,0,0,0,0,False
ilia-kats,1,0.0,,0,0,0,0,0,False
imprompt,1,0.0,,0,0,0,0,0,False
indexzero,250,0.0030527586271495064,"New York, NY",0,0,0,0,0,False
indutny,65,0.004151723076257735,USA,0,0,0,0,0,False
innir,1,0.0,,0,0,0,0,0,False
instanceof,2,0.0,,0,0,0,0,0,False
inventionate,5,0.000578127122986327,,0,0,0,0,0,False
ioquatix,1,0.0,"Christchurch, New Zealand",0,0,0,0,0,False
irfanevrens,2,0.0,Kahramanmaraş,0,0,0,0,0,False
irudnyts,4,2.2322659563763287e-06,,4,1,0,2,1,False
isaacs,30,0.004151723076257735,Oakland CA,0,0,0,0,0,False
isagalaev,327,0.0,"Sammamish, WA USA",0,0,0,0,0,False
ishermandom,3,0.0,,0,0,0,0,0,False
ismayc,2,0.00031518793862849007,"Portland, OR, USA",0,0,0,0,0,False
ispringer,1,0.0,"Philadelphia, PA",0,0,0,0,0,False
isteves,4,0.0006439543575306398,,0,1,0,0,1,True
itsakettle,6,0.0,,0,0,0,0,0,False
itsjamie,2,0.0,"Bedford, Nova Scotia",0,0,0,0,0,False
itsjavi,206,0.0,127.0.0.1,0,0,0,0,0,False
itzg,1,0.0,"Texas, United States",0,0,0,0,0,False
ivanwonder,3,0.0,,0,0,0,0,0,False
ivanzgb,1,0.0,,0,0,0,0,0,False
ivarsv,1,0.0,"Liepaja, Latvia",0,0,0,0,0,False
j450h1,1,0.0,"Vancouver, BC",0,1,0,0,1,False
jDramaix,51,0.0,,0,0,0,0,0,False
jRafi,2,0.0,,0,0,0,0,0,False
jacobkap,1,0.0,Philadelphia,0,0,0,0,0,False
jacyzon,2,0.0,"Taipei, Taiwan",0,0,0,0,0,False
jaimegildesagredo,1,0.0,"Madrid, Spain",0,0,0,0,0,False
jakedavis,3,0.0,"Portland, OR",0,0,0,0,0,False
jakeret,8,0.0,,0,0,0,0,0,False
jakewins,1,0.0,"Columbia, MO",0,0,0,0,0,False
jameslairdsmith,1,0.0,London,1,0,0,1,0,False
jameslamb,6,0.0010500798697663826,"Chicago, IL",1,0,0,1,0,False
jamiefolson,1,0.0,,0,0,0,0,0,False
jan-glx,2,0.0,Heidelberg,2,0,0,1,0,False
jangaraj,1,0.0,United Kingdom/Slovakia,0,0,0,0,0,False
jangorecki,2,0.0,,0,3,0,0,2,False
janjongboom,12,0.0,"Amsterdam, Netherlands",0,0,0,0,0,False
janl,1,0.0,"Berlin, Germany",0,0,0,0,0,False
japel,1,0.0,"Berlin, Germany",0,0,0,0,0,False
japj,8,0.0019331853262779565,Netherlands,0,0,0,0,0,False
jar1karp,2,0.0006450011872522512,,0,0,0,0,0,False
jarauh,1,0.0,,0,7,0,0,2,False
jaredhanson,19,0.0,"Berkeley, CA",0,0,0,0,0,False
jaredlander,1,0.0,New York,0,1,0,0,1,False
jaryan,1,0.0,,0,0,0,0,0,False
jasiek,1,0.0,"London, United Kingdom",0,0,0,0,0,False
jasononeil,7,0.0,"Perth, Western Australia",0,0,0,0,0,False
jasonpincin,1,0.0,Pennsylvania,0,0,0,0,0,False
javierluraschi,5940,0.03960477990684497,"Seattle, WA",810,53,19,10,3,False
jayhesselberth,1,0.0,"Denver, CO",0,0,0,0,0,False
jbergstroem,2,0.0,"Santiago, Chile",0,0,0,0,0,False
jbkunst,2,0.00036146848981419863,Chile,0,0,0,0,0,False
jbouzekri,1,0.0,Vernouillet,0,0,0,0,0,False
jcasimir,1,0.0,"Denver, CO",0,0,0,0,0,False
jcheng5,5308,0.21853374980814105,"Redmond, WA (United States)",485,27,169,21,14,False
jcoglan,479,0.0009198418606038154,London,0,0,0,0,0,False
jcoleman,1,0.0,"Greenville, SC",0,0,0,0,0,False
jcrodriguez1989,4,9.968490065054043e-06,"Cordoba, Argentina",0,0,0,0,0,False
jdahlstrom,1,0.0,"Tampere, Finland",0,0,0,0,0,False
jdanbrown,1,0.0,SF,0,0,0,0,0,False
jdanyow,2,0.0,Washington,0,0,0,0,0,False
jdapena,2,0.0,Vigo,0,0,0,0,0,False
jdblischak,5,0.0005864356488143747,"Akron, OH",1,3,0,1,3,False
jdodb,2,0.0,,0,0,0,0,0,False
jdrago999,3,0.0,"San Francisco, CA",0,0,0,0,0,False
jduckles,4,0.0,"Dunedin, NZ",4,0,0,1,0,False
jeadorf,1,0.0,Switzerland,0,0,0,0,0,False
jeanmanguy,2,0.0,"Dublin, Ireland",0,0,0,0,0,False
jedisct1,14,0.0,"Paris, France",0,0,0,0,0,False
jeffbaier,1,0.0,"Hays, KS",0,0,0,0,0,False
jeffreyhanson,2,0.00017135058914553318,"Palmerston North, New Zealand",0,0,0,0,0,False
jeffreyhorner,134,0.0010987765122667762,,0,0,0,0,0,False
jeffreypullin,2,0.0,Melbourne,0,0,0,0,0,False
jemc,1,0.0,Cascadia,0,0,0,0,0,False
jemus42,2,0.00039146311442251334,Germany,1,2,0,1,2,False
jennybc,18,0.0020236026056526884,"Vancouver, BC, Canada",9,4,1,3,2,False
jennysjogren,1,0.0,Oslo,0,0,0,0,0,False
jenzopr,1,0.0,"Bad Nauheim, Germany",1,1,0,1,1,False
jerch,792,0.0,,0,0,0,0,0,False
jermowery,2,0.0,"Seattle, WA",0,0,0,0,0,False
jeroen,17,0.001712600954819998,Netherlands / California,0,3,0,0,2,False
jeroenjanssens,3,0.0,"Rotterdam, the Netherlands",3,0,0,1,0,False
jessedavis,16,0.0,"Providence, RI",0,0,0,0,0,False
jetic83,2,0.0,,0,0,0,0,0,False
jewlofthelotus,121,0.0,"Ypsilanti, MI",0,0,0,0,0,False
jfhbrook,16,0.0030527586271495064,New York City,0,0,0,0,0,False
jflatow,1,0.0,Palo Alto,0,0,0,0,0,False
jfromaniello,2,0.0018399924348792387,"Córdoba, Argentina",0,0,0,0,0,False
jgillich,1,0.0,,0,0,0,0,0,False
jgonera,1,0.0,,0,0,0,0,0,False
jhorsley,2,0.0,,0,0,0,0,0,False
jimhester,54,0.01763609249377748,"Cleveland, Ohio",6,1,1,2,1,False
jimvine,1,0.0,"Essex, UK",0,1,0,0,1,False
jjallaire,23010,0.08141186053350112,,2996,22,25,12,3,False
jjasghar,8,0.0,"Austin, Texas",0,0,0,0,0,False
jklare,1,0.0,Berlin,0,0,0,0,0,False
jkr216,9,0.0,,0,0,0,0,0,False
jkuri,1,0.0,Yugoslavia,0,0,0,0,0,False
jkvor,468,0.0,San Francisco,0,0,0,0,0,False
jlugarrancho,7,0.0,"Jaén, ES",0,0,0,0,0,False
jluk,1,0.0,"Seattle, WA",0,0,0,0,0,False
jmatthewsr-ms,1,0.0,"Cambridge, MA",0,0,0,0,0,False
jmbockhorst,35,0.0,"St. Louis, MO",0,0,0,0,0,False
jmcphers,7316,0.004623144538117262,"Seattle, WA",874,69,375,3,5,False
jmlondon,2,0.0,Seattle,0,0,0,0,0,False
jmuhlich,1,0.0,"Boston, MA",1,0,0,1,0,False
jnehlmeier,27,0.0,Germany,0,0,0,0,0,False
jnordberg,1,0.0,Japan / Sweden,0,0,0,0,0,False
jnovinger,1,0.0,"Austin, TX",0,0,0,0,0,False
joaomoreno,6,0.0,"Zurich, Switzerland",0,0,0,0,0,False
joeadams0,2,0.0,,0,0,0,0,0,False
joejansen,1,0.0,New York City,0,0,0,0,0,False
joelgombin,1,0.0,Marseille,0,0,0,0,0,False
joesiltberg,2,0.0,,0,0,0,0,0,False
joewalker,127,0.0,UK,0,0,0,0,0,False
joewalnes,2,0.0,San Francisco Bay Area,0,0,0,0,0,False
joeyblake,1,0.0,,0,0,0,0,0,False
johndevs,1,0.0,"Espoo, Finland",0,0,0,0,0,False
johndjones,1,0.0,"Colorado, USA",0,0,0,0,0,False
johnpoth,1,0.0,"Paris, France",0,0,0,0,0,False
johnson-dl,41,0.0,,41,0,1,1,0,False
johnthuss,3,0.0,"Minneapolis, MN",0,0,0,0,0,False
jonathan-g,4,0.0006234615685317814,"Nashville, TN, USA",4,5,0,3,4,False
jonaustin,2,0.0,"Portland, OR",0,0,0,0,0,False
joncfoo,141,0.0006987648733553205,,44,3,13,3,2,False
joneschrisg,258,0.0,Bay Area,0,0,0,0,0,False
jongyllen,1,0.0,,0,0,0,0,0,False
jonkeane,1,0.0,"Chicago, IL",0,1,0,0,1,False
jonl-percsolutions-com,1,0.0,,0,0,0,0,0,False
jonmcalder,4,0.0011829707500818727,"Cape Town, South Africa",0,0,0,0,0,False
jonyoder,87,0.001261643522621078,,12,0,23,3,0,True
jooyoungseo,101,0.001530771104359223,University Park,100,45,1,6,8,False
jordanlewis,2,0.0,"Brooklyn, NY",0,0,0,0,0,False
jordant,1,0.0,"Bend, OR",0,0,0,0,0,False
jorinvo,1,0.0,Cologne,0,0,0,0,0,False
jorrit,1,0.0,"Breda, The Netherlands",0,0,0,0,0,False
josacar,1,0.0,"Valencia, Spain",0,0,0,0,0,False
josch,1,0.0,baz,0,0,0,0,0,False
josephholsten,1,0.0,"Burlington, WA, 98233",0,0,0,0,0,False
josh,1,0.0,"San Francisco, CA",0,0,0,0,0,False
josh5276,1,0.0,SATX,0,0,0,0,0,False
joshthecoder,1,0.0,"Madison, Wisconsin, USA",0,0,0,0,0,False
joshuaseaton,1,0.0,"Mountain View, CA",0,0,0,0,0,False
jozefhajnala,1,0.0,Amsterdam,0,0,0,0,0,False
jpallen,4,0.0,Exeter,0,0,0,0,0,False
jperville,2,0.0,"Yangon, Myanmar",0,0,0,0,0,False
jpetazzo,2,0.0,San Francisco,0,0,0,0,0,False
jregeimbal,1,0.0,"McLean, VA",0,0,0,0,0,False
jrkong,3,0.0,,0,0,0,0,0,False
jrlewi,1,0.0,"Albuquerque, NM",0,0,0,0,0,False
jrnold,8,0.0006450011872522512,"Oakland, CA",0,0,0,0,0,False
jrowen,12,0.0,Minneapolis,0,0,0,0,0,False
jrozner,1,0.0,Los Angeles,0,0,0,0,0,False
jschneiderhan,4,0.0002493149930782481,,0,0,0,0,0,False
jsdelivrbot,1,0.0,Matrix,0,0,0,0,0,False
jsh2134,6,0.0,,0,0,0,0,0,False
jskress,254,0.017420194836411412,,256,2,58,3,1,True
jsmecham,1,0.0,"Maine, USA",0,0,0,0,0,False
jspiewak,194,0.003970555603777982,"Boston, MA",31,4,5,3,2,False
jsta,1,0.0,,0,0,0,0,0,False
jtbayly,1,0.0,"Cincinnati, OH",1,5,0,1,1,False
jtelleria,5,0.0,,0,1,0,0,1,False
jtelleriar,2,0.0,,2,13,0,1,4,False
jthomasmock,1,0.0,"Dallas, TX",0,8,0,0,2,False
jtilly,4,0.0,,4,1,0,1,1,False
jtimberman,177,0.0294303995883253,Colorado,0,0,0,0,0,False
jtolio,1,0.0,,0,0,0,0,0,False
jtoloe,1,0.0,,0,0,0,0,0,False
jtr13,3,0.0,"New York, NY",3,2,0,1,2,False
jtrecenti,2,0.0,"São Paulo, Brazil",0,0,0,0,0,False
juancampa,7,0.0,,0,0,0,0,0,False
juba,1,0.0,"Villeurbanne, France",0,0,0,0,0,False
jules32,1,0.0,California,1,0,1,1,0,False
juli4n,1,0.0,,0,0,0,0,0,False
julianre,1,0.0,Germany,1,1,0,1,1,False
juliasilge,2,0.0,"Salt Lake City, UT",2,0,0,1,0,False
junkka,3,0.0,,0,0,0,0,0,False
juntai-zheng,18,0.0,,0,0,0,0,0,False
justacec,9,0.0,"Alexandria, VA, USA",0,1,0,0,1,False
justindarc,39,0.0,"Johnstown, PA",0,0,0,0,0,False
justsomeone1001,10,0.0,,0,0,0,0,0,False
jviereck,397,0.0004987016695932625,,0,0,0,0,0,False
jwagner79,4,0.0,,0,0,0,0,0,False
jweisber,1,0.0,"Toronto, Canada",0,0,0,0,0,False
jwg4,1,0.0,,0,0,0,0,0,False
jwpaulson,7,0.0,,0,0,0,0,0,False
jyypma,138,0.0,,0,0,0,0,0,False
k8hertweck,1,0.0,"Seattle, WA",1,0,0,1,0,False
kYann,2,0.0,Paris,0,0,0,0,0,False
kaadam,1,0.0,Szeged,0,0,0,0,0,False
kafeg,1,0.0,Russia,0,0,0,0,0,False
kamaradclimber,6,0.0,"Paris, France",0,0,0,0,0,False
kant,2,0.0,Planet Earth...,0,0,0,0,0,False
karaesmen,2,0.0003702392255501806,"Columbus, OH",2,0,0,2,0,True
karawoo,2,0.000256170990676549,,1,3,0,1,2,False
karissawhiting,1,0.0,,2,0,0,1,0,False
kashif,2,0.0,"Berlin, Germany",0,0,0,0,0,False
katherinesimeon,1,0.0,,1,0,0,1,0,False
katrinleinweber,3,0.00035072451519117023,Europe,0,2,0,0,1,False
kbroman,3,0.0,"Madison, Wisconsin, USA",0,0,0,0,0,False
kcooney,1,0.0,"San Jose, CA",0,0,0,0,0,False
keen99,3,0.0,,0,0,0,0,0,False
keith24,1,0.0,United States,0,0,0,0,0,False
kellobri,2,8.660779409851234e-05,,1,0,0,1,0,True
kemayo,1,0.0,"Saint Louis, MO",0,0,0,0,0,False
kenahoo,2,0.0,"Minneapolis, MN",0,0,0,0,0,False
kendonB,1,0.0,"Auckland, NZ",0,22,0,0,4,False
kennonkwok,2,0.0,"San Diego, CA",0,0,0,0,0,False
kent37,3,1.804425628664467e-05,"Cambridge, MA, USA",0,2,0,0,1,False
kernel1983,1,0.0,S,0,0,0,0,0,False
kesor,1,0.0,Israel,0,0,0,0,0,False
kevinhankens,7,0.0,Boston,7,0,8,2,0,False
kevinreedy,1,0.0,"Chicago, IL",0,0,0,0,0,False
kevinrue,1,0.0,Oxford,0,2,0,0,2,False
kevinushey,10156,0.01329548768754727,,1262,164,202,12,9,False
kevinykuo,756,0.006137369939157664,,11,2,3,5,2,True
kevva,1,0.0,Sweden,0,0,0,0,0,False
kfa,1,0.0,"Mountain View, USA",0,0,0,0,0,False
kfeinauer,671,0.0,"DFW, Texas",320,4,23,1,1,True
kgartland-rstudio,84,0.0,,41,0,5,2,0,False
khughitt,4,0.000338393571622249,"Bethesda, MD",0,0,0,0,0,False
kiangj,1,0.0,,0,0,0,0,0,False
kiendang,1,0.0,Singapore,0,0,0,0,0,False
killthekitten,3,0.0,,0,0,0,0,0,False
kimberlythegeek,1,0.0,"Durango, CO",0,0,0,0,0,False
kippandrew,499,0.001303729475848624,"Astoria, OR",3,0,5,1,0,True
kiwiroy,12,0.000578127122986327,Tauranga,0,0,0,0,0,False
kiyoto,1,0.0,"San Francisco, CA",0,0,0,0,0,False
kjemmett,1,0.0,"New York, NY",0,0,0,0,0,False
kjhealy,1,0.0,NC,1,0,0,1,0,False
kjk,2,0.0,"San Diego, CA",0,0,0,0,0,False
kkujala,97,0.0,,0,0,0,0,0,False
klaukh,15,0.0,United States,0,0,0,0,0,False
kleanthisk10,2,0.0,Thessaloniki,0,0,0,0,0,False
kmader,1,0.0,"Zurich, Switzerland",0,0,0,0,0,False
kmasiello,81,0.0009221357305803838,,94,4,1,3,2,False
kmulvey,5,0.0,,0,0,0,0,0,False
knbknb,2,1.2576295587885714e-05,"Potsdam, Germany",0,0,0,0,0,False
knuckolls,2,0.0,"Memphis, TN",0,0,0,0,0,False
koaning,1,0.0,Amsterdam,0,0,0,0,0,False
kohske,3,0.0,"Aichi, Japan",0,0,0,0,0,False
koichik,1,0.0,Japan,0,0,0,0,0,False
korzha,148,0.0,"London, UK",0,0,0,0,0,False
kota7,1,0.0,"Tokyo, Japan",0,0,0,0,0,False
koverholt,10,0.0,"Austin, TX",11,4,3,1,4,False
kramvan1,10,0.0,United States,0,0,0,0,0,False
krivit,8,0.0,"Sydney, NSW, Australia",0,0,0,0,0,False
krk,2,0.0,,0,0,0,0,0,False
krlmlr,18,0.002854870746836923,,3,10,1,2,3,False
krtyyy,1,0.0,,0,0,0,0,0,False
ktmud,1,0.0,San Francisco,0,0,0,0,0,False
kuberkaul,1,0.0,"Manhattan, New York",0,0,0,0,0,False
kumaran-14,15,0.0,"National Institute of Technology, Tiruchirappalli.",0,0,0,0,0,False
kuriwaki,1,0.0,"Cambridge, MA",1,0,0,1,0,False
kusor,10,0.0,Murcia (Spain),0,0,0,0,0,False
kwakuduahc1,2,0.0,Nalerigu - Ghana,2,0,0,1,0,False
kyokomi,2,0.0,"Tokyo, Japan",0,0,0,0,0,False
labriola,1,0.0,"Chicago, IL, US",1,2,0,1,1,False
lamalex,1,0.0,"Norfolk, VA",0,0,0,0,0,False
lamaster,1,0.0,"Moscow, Russia",0,0,0,0,0,False
lamont-granquist,5,0.0,"Seattle, WA",0,0,0,0,0,False
lanwen,1,0.0,"Berlin, Germany",0,0,0,0,0,False
larmarange,1,0.0,"Paris, France",1,0,0,1,0,False
larsburgess,1,0.0,CA,0,0,0,0,0,False
larskotthoff,1,0.0,,0,0,0,0,0,False
lauracion,1,0.0,Buenos Aires,1,0,0,1,0,False
layik,1,0.0,"Leeds, UK",0,1,0,0,1,False
lazyants,1,0.0,Frankfurt,0,0,0,0,0,False
lbraun,1,0.0,"Brattleboro, VT, USA",0,0,0,0,0,False
lcolladotor,4,0.0,"Baltimore, USA",0,0,0,0,0,False
ledbettc,1,0.0,Colorado,1,0,0,1,0,False
ledbit,1,0.0,,0,0,0,0,0,False
ledell,3,0.0,"Oakland, California, USA",0,0,0,0,0,False
ledgr,1,0.0,Lithuania,0,0,0,0,0,False
leegao,7,0.0,"Sunnyvale, CA",0,0,0,0,0,False
leeper,1,0.0,"London, United Kingdom",0,0,0,0,0,False
lefec,1,0.0,,1,0,0,1,0,False
lehrblogger,2,0.0,"New York, I love you but I've moved to Detroit",0,0,0,0,0,False
leomoty,13,0.0,,0,0,0,0,0,False
lepennec,1,0.0,,0,0,0,0,0,False
leslie-huang,155,8.856359866565783e-05,,0,0,0,0,0,False
lgautier,2,0.0,,0,0,0,0,0,False
lgeiger,1,0.0,London,0,0,0,0,0,False
lhecker,2,0.0,"Dresden, Germany",0,0,0,0,0,False
linrock,3,0.0,"San Francisco, CA",0,0,0,0,0,False
lionel-,5,0.00010946538180219576,,4,0,1,3,0,False
lionel-bijaoui,1,0.0,,0,0,0,0,0,False
liuzheng,2,0.0,Shanghai,0,0,0,0,0,False
llaniewski,1,0.0,,0,0,0,0,0,False
lloyd,27,0.00027437471507222444,"Denver, Colorado",0,0,0,0,0,False
lmullen,3,0.0009885807172407726,Virginia,0,0,0,0,0,False
lomkju,5,0.0,Mumbai,0,0,0,0,0,False
londonrockslive,1,0.0,,0,0,0,0,0,False
lorenzomoriconi,1,0.0,,1,0,0,1,0,False
lorenzwalthert,10,8.766774186024066e-05,"Zurich, Switzerland",0,10,0,0,4,False
lowasser,1,0.0,"Mountain View, CA",0,0,0,0,0,False
lramos15,18,0.0,,0,0,0,0,0,False
lrasmus,1,0.0,"Chicago, IL",1,0,0,1,0,False
lsegal,12,0.0,"Los Angeles, CA",0,0,0,0,0,False
lselzer,1,0.0,Ushuaia,0,0,0,0,0,False
lstmemery,1,0.0,Vancouver,0,0,0,0,0,False
lucab,1,0.0,Berlin,0,0,0,0,0,False
lucat1,1,0.0,"Riccione, Italy",0,0,0,0,0,False
luckyrandom,1,0.0,,0,0,0,0,0,False
ludwigschubert,18,0.0,,0,0,0,0,0,False
luislavena,6,0.0,"Paris, France",0,0,0,0,0,False
lukencode,4,0.0,"Brisbane, Australia",0,0,0,0,0,False
lunaroyster,1,0.0,Toronto/Bangalore,0,0,0,0,0,False
luozhihua,1,0.0,Shanghai.China,0,0,0,0,0,False
lwjohnst86,1,0.0,"Aarhus, Denmark",0,1,0,0,1,False
m12345y,1,0.0,,0,0,0,0,0,False
m4xl1n,1,0.0,,0,0,0,0,0,False
mabeyj,8,0.0,"Nova Scotia, Canada",0,0,0,0,0,False
macourteau,1,0.0,,0,0,0,0,0,False
madarche,2,0.0,France,0,0,0,0,0,False
madjar,1,0.0,Berlin,0,0,0,0,0,False
maelle,8,4.1834647308139944e-05,"Nancy, France",7,22,1,2,6,False
majek,2,0.0009198418606038154,"Earth, Solar System, Milky Way",0,0,0,0,0,False
makmanalp,2,0.0,"Somerville, MA",0,0,0,0,0,False
mal,5,0.0,UK,0,0,0,0,0,False
malcolmbarrett,7,0.002212937028515927,"Los Angeles, CA",3,1,0,3,1,True
malcolmt,1,0.0,"Sydney, Australia",0,0,0,0,0,False
manolo,67,0.0,Madrid,0,0,0,0,0,False
manugarri,2,0.0,The Interwebs,0,0,0,0,0,False
manzagop,1,0.0,,0,0,0,0,0,False
marcdumais-work,1,0.0,,0,0,0,0,0,False
marekjelen,1,0.0,Europe,0,0,0,0,0,False
mareklibra,1,0.0,Czech Republic,0,0,0,0,0,False
margarethannum,1,0.0,"New York, NY",1,0,0,1,0,False
mariamedp,4,0.0,"Madrid, Spain",0,0,0,0,0,False
markderry,1,0.0,,1,0,0,1,0,False
markhymers,1,0.0,,1,1,0,1,1,False
markmentovai,711,0.0,,0,0,0,0,0,False
markus-oberhumer,1,0.0,"Linz, Austria",0,0,0,0,0,False
marshall,1,0.0,"Denton, TX",0,0,0,0,0,False
martin31821,1,0.0,"Magdeburg, Germany",0,0,0,0,0,False
martinstuder,1,0.0,Zurich,0,0,0,0,0,False
mateiz,44,0.0,"San Francisco, CA",0,0,0,0,0,False
mateuszjarzewski,1,0.0,,0,0,0,0,0,False
math-and-data,2,0.0,,0,0,0,0,0,False
mathieupotier,1,0.0,France,0,0,0,0,0,False
matt-l-w,1,0.0,UK,0,0,0,0,0,False
mattcane,1,0.0,,0,0,0,0,0,False
mattgrogan,1,0.0,"New York, NY",0,0,0,0,0,False
matthew-matvei,1,0.0,Southampton,0,0,0,0,0,False
matthewravery,1,0.0,,0,0,0,0,0,False
matthewstrasiotto,5,0.0,Sydney,5,5,0,1,1,False
mattn,1,0.0,"Osaka, Japan",0,0,0,0,0,False
mattpardee,6,0.0,,0,0,0,0,0,False
mattray,76,0.0,"Sydney, Australia",0,0,0,0,0,False
mattsta,1,0.0,"New York, NY",0,0,0,0,0,False
mattstevens,1,0.0,"Denver, CO",0,0,0,0,0,False
mattupstate,3,0.10637822016334647,Brooklyn,0,0,0,0,0,False
maxheld83,5,0.0013707479637843434,"Hildesheim, Germany",0,8,0,0,5,False
maxhora,2,0.0,,0,0,0,0,0,False
maxogden,3,0.0,,0,0,0,0,0,False
mbjoseph,1,0.0,"Denver, CO",0,0,0,0,0,False
mbojan,2,0.0003273977383226252,Warsaw,0,4,0,0,1,False
mcansky,1,0.0,EU,0,0,0,0,0,False
mcavage,185,0.0,"Berkeley, CA",0,0,0,0,0,False
mcbex,6,0.00017625492771112185,Boston MA,0,1,0,0,1,True
mckinsel,1,0.0,San Francisco,0,0,0,0,0,False
mdagost,6,0.0,Chi-town,0,0,0,0,0,False
mdancho84,3,0.0,"State College, PA",0,0,0,0,0,False
mdempsky,38,0.0023741554257480026,"San Francisco, CA",0,0,0,0,0,False
mdkent,16,0.0,"Nanaimo, BC, Canada",0,0,0,0,0,False
mdlerch,1,0.0,Logan UT,0,0,0,0,0,False
mdlincoln,1,0.0,"Pittsburgh, PA",0,0,0,0,0,False
mdlnr,1,0.0,"Hamburg, Germany",0,0,0,0,0,False
mdoboi,1,0.0,,0,0,0,0,0,False
mdshw5,3,0.0,"Cambridge, MA",0,0,0,0,0,False
meatballhat,370,0.004071253735092764,"Pittsburgh, PA",366,5,6,4,4,False
medewitt,1,0.0,,0,0,0,0,0,False
meefik,2,0.0,,0,0,0,0,0,False
meh,1,0.0,Berlin,0,0,0,0,0,False
mehlis,1,0.0,,0,0,0,0,0,False
melissa-barca,740,2.2425549182416133e-05,"Portland, ME",698,14,22,2,1,True
melloc,1,0.0,"San Francisco, CA",0,0,0,0,0,False
mentos1386,4,0.0,Slovenia,0,0,0,0,0,False
merkste,9,0.0,,0,0,0,0,0,False
merlinoa,1,0.0,Atlanta GA,1,0,0,1,0,False
metahack,1,0.0,,0,0,0,0,0,False
meztez,23,0.000333193963811296,"Quebec, QC",30,15,6,3,2,False
mfherman,1,0.0,"Katonah, NY",0,3,0,0,2,False
mgdodge,1,0.0,,0,0,0,0,0,False
mgirlich,1,0.0,Munich,0,2,0,0,2,False
mgreenland,1,0.0,,0,0,0,0,0,False
mgreensmith,1,0.0,"Portland, OR",0,0,0,0,0,False
mhairi,1,0.0,Edinburgh,0,0,0,0,0,False
mhines-usgs,1,0.0,"Middleton, WI",0,0,0,0,0,False
michaelbilcot,2,0.0,"Paris, France",0,0,0,0,0,False
michaelklishin,12,0.0,,0,0,0,0,0,False
michelk,2,0.0,Zürich,0,0,0,0,0,False
micstr,1,0.0,Cape Town,1,0,0,1,0,False
miggs125,5,0.0,,0,0,0,0,0,False
mihaisucan,26,0.0,Romania,0,0,0,0,0,False
mikajoh,4,0.0,Bergen,0,0,0,0,0,False
mikedeboer,39,0.0,"Amsterdam, The Netherlands",0,0,0,0,0,False
mikehale,1,0.0,"Holly Springs, NC",0,0,0,0,0,False
mikehuston,2,0.0,"SF, California",0,0,0,0,0,False
mikelove,1,0.0,"Chapel Hill, NC",0,0,0,0,0,False
mikesir87,2,0.0,,0,0,0,0,0,False
miketonks,1,0.0,,0,0,0,0,0,False
mikkel,3,0.0,"Denver, Co",0,0,0,0,0,False
mine-cetinkaya-rundel,163,0.004831144798476367,"Edinburgh, UK",151,16,6,8,5,False
mirca,1,0.0,"Clear Water Bay, Hong Kong",0,0,0,0,0,False
misfo,8,0.0,Twin Cities,0,0,0,0,0,False
mishadynin,1,0.0,California,0,0,0,0,0,False
mitchellrj,1,0.0,"York, UK",0,0,0,0,0,False
mjbvz,1,0.0,,0,0,0,0,0,False
mjolnic,31,0.0,,0,0,0,0,0,False
mjsteinbaugh,1,0.0,"Cambridge, MA",0,2,0,0,2,False
mkirzon,1,0.0,"San Diego, CA",0,0,0,0,0,False
mkrysiak,1,0.0,,0,0,0,0,0,False
mkuhn,3,0.0,"Heidelberg, Germany",0,0,0,0,0,False
mlamias,1,0.0,"Atlanta, GA",0,0,0,0,0,False
mmailhos,4,0.0,Sydney,0,0,0,0,0,False
mmalecki,87,0.005975286955154413,"Poznań, Poland",0,0,0,0,0,False
mmarchetti,571,0.00025336011312292455,,149,3,39,3,1,False
mnazarov,1,0.0,"Antwerp, Belgium",1,1,0,1,1,False
modernresearch,3,0.0,,1,0,0,1,0,False
mofux,17,0.0,"Dresden, Germany",0,0,0,0,0,False
mokjpn,1,0.0,,0,0,0,0,0,False
monialo2000,16,7.891228617714094e-05,CABA - Argentina,16,1,0,2,1,False
monkeywithacupcake,1,0.0,the PNW,0,0,0,0,0,False
morgandenning,1,0.0,,0,0,0,0,0,False
morphar,2,0.0,Copenhagen,0,0,0,0,0,False
mostynb,1,0.0,,0,0,0,0,0,False
mparkhe,14,0.0,Almaden Valley,0,0,0,0,0,False
mpastell,1,0.0,Finland,0,0,0,0,0,False
mpaulacaldas,2,0.0004555163466501189,"Paris, France",1,0,0,1,0,False
mpelleau,6,0.0,France,2,0,0,1,0,False
mplourde,4,0.0,,0,0,0,0,0,False
mraleph,1,0.0,"Aarhus, Denmark",0,0,0,0,0,False
mrpants,2,0.0,"Long Island, NY",0,0,0,0,0,False
mrqzzz,3,0.0,,0,0,0,0,0,False
ms609,2,0.0001665039502432413,"Durham, UK",0,0,0,0,0,False
mscdex,8,0.0,,0,0,0,0,0,False
msimerson,1,0.0,"Seattle, WA",0,0,0,0,0,False
msisov,2,0.0,Finland,0,0,0,0,0,False
msporleder,1,0.0,,0,0,0,0,0,False
mstahv,3,0.0,"Turku, Finland",0,0,0,0,0,False
msteffen,1,0.0,San Francisco,0,0,0,0,0,False
mtennekes,1,0.0,,0,2,0,0,1,False
mtorchiano,1,0.0,Torino (Italy),0,0,0,0,0,False
mtoto,1,0.0,Europe,0,0,0,0,0,False
mungojam,3,6.51092175544827e-05,UK,0,0,0,0,0,False
muschellij2,52,0.003963901733096939,United States,3,3,0,2,2,False
mutterer,1,0.0,,0,0,0,0,0,False
mwkaufmann,1,0.0,Germany,0,0,0,0,0,False
myadzel,2,0.0,Moscow,0,0,0,0,0,False
n1crack,1,0.0,,0,0,0,0,0,False
nachocab,1,0.0,"Barcelona, Spain",0,0,0,0,0,False
nachti,1,0.0,Austria,0,0,0,0,0,False
nadiahalidi,1,0.0,"Oxford, UK",0,0,0,0,0,False
nakamichiworks,1,0.0,"Tokyo, Japan",0,0,0,0,0,False
nantoniazzi,1,0.0,"San Francisco, CA",0,0,0,0,0,False
narendravd,1,0.0,Seattle,0,0,0,0,0,False
nathancday,3,0.0,"Charlottesville, Virginia, USA",0,0,0,0,0,False
nathaneastwood,1,0.0,"Amsterdam, NL",0,0,0,0,0,False
nathanrogersgoogle,1,0.0,,0,0,0,0,0,False
nathanweeks,1,0.0,"Iowa, USA",0,0,0,0,0,False
nathenharvey,4,0.0002493149930782481,"Annapolis, MD, USA",0,0,0,0,0,False
navdeep-G,2,0.0,"Morgan Hill, CA",0,0,0,0,0,False
nbarrowman,2,0.0,"Ottawa, Canada",1,0,0,1,0,False
ncarchedi,1,0.0,"Denver, CO",0,0,0,0,0,False
ncoquelet,3,0.0,,0,0,0,0,0,False
ndjido,2,0.0,Paris,0,0,0,0,0,False
nealrichardson,2,0.0005921545973248084,"San Francisco, CA",2,2,1,2,2,False
nebulade,1,0.0,Berlin,0,0,0,0,0,False
neha0912,1,0.0,,0,0,0,0,0,False
nerivo,1,0.0,United Kingdom,1,0,0,1,0,False
nfreear,3,0.0,"Milton Keynes, United Kingdom",0,0,0,0,0,False
nicholascamp,1,0.0,São Paulo - Brasil,0,0,0,0,0,False
nick-chromium,1,0.0,,0,0,0,0,0,False
nick-someone,1,0.0,,0,0,0,0,0,False
nickknissen,2,0.0,Denmark,0,0,0,0,0,False
nico,3,0.0,,0,0,0,0,0,False
nightwing,126,0.0,"Yerevan, Armenia",0,0,0,0,0,False
nikhilm,1,0.0,United States,0,0,0,0,0,False
nikolai-b,1,0.0,,0,0,0,0,0,False
nikonso,48,0.0,Portugal,0,0,0,0,0,False
niloc132,25,0.0,"Minneapolis, MN",0,0,0,0,0,False
nipe0324,1,0.0,Japan,0,0,0,0,0,False
nira11,5,0.0,,0,0,0,0,0,False
nischalshrestha,5,0.0,,6,0,4,2,0,False
nistara,1,0.0,"Davis, CA",1,0,0,1,0,False
njbart,2,0.00022519420181270664,,1,0,0,1,0,False
njtierney,2,8.235051136879094e-05,"Melbourne, Victoria, Australia",0,1,0,0,1,False
nmaier,1,0.0,"Braunschweig, Germany",0,0,0,0,0,False
nmjakobsen,1,0.0,,0,0,0,0,0,False
noamross,7,0.001500232177750128,"New York, NY",0,1,0,0,1,False
noamyogev84,4,0.0,Israel,0,0,0,0,0,False
nojvek,4,0.0,"Seattle, WA, United States",0,0,0,0,0,False
nolman,1,0.0,San Francisco,0,0,0,0,0,False
nono,1,0.0,"Paris, France",0,0,0,0,0,False
nornagon,1,0.0,"San Francisco, CA",0,0,0,0,0,False
noseglid,1,0.0,"Lomma, Sweden",0,0,0,0,0,False
notZaki,1,0.0,Minnesota,0,0,0,0,0,False
notmasteryet,509,0.0,,0,0,0,0,0,False
novalagung,1,0.0,,0,0,0,0,0,False
novica,3,0.0,"Skopje, Republic of North Macedonia",0,0,0,0,0,False
novitskiy-aleksei,1,0.0,Ukraine,0,0,0,0,0,False
npezza93,58,0.0,"Durham, NC",0,0,0,0,0,False
npjc,4,0.0001767883802856394,"Vancouver, Canada",0,0,0,0,0,False
nrogers,2,0.0,,0,0,0,0,0,False
nstrayer,1,0.0,"Nashville, TN",0,0,0,0,0,False
ntchjb,12,0.0,Thailand,0,0,0,0,0,False
ntwi,2,0.0,,0,0,0,0,0,False
nuest,6,0.0,Germany,1,0,1,1,0,False
nukemberg,2,0.0,,0,0,0,0,0,False
nuno-agostinho,3,0.0,"Lisbon, Portugal",0,2,0,0,2,False
nwstephens,136,0.0008004003831370245,"Baltimore, Maryland",3,1,0,2,1,True
obastemur,1,0.0,,0,0,0,0,0,False
octaviancorlade,1,0.0,,0,0,0,0,0,False
odino,1,0.0,"Dubai, UAE",0,0,0,0,0,False
oganm,3,0.0,"Vancouver, Canada",0,0,0,0,0,False
oguzhanogreden,1,0.0,"Utrecht, The Netherlands",0,0,0,0,0,False
ohjakobsen,1,0.0,Oslo,0,0,0,0,0,False
oi-sendai,1,0.0,,0,0,0,0,0,False
okonomiyaki3000,2,0.0,"Tokyo, Japan",0,0,0,0,0,False
okuoku,6,0.0,Tokyo,0,0,0,0,0,False
olauzon,7,0.0,"New York, NY",0,0,0,0,0,False
oleskiewicz,1,0.0,,0,0,0,0,0,False
olgapierce,3,0.0,"New York, NY",0,0,0,0,0,False
oliholz,1,0.0,,0,0,0,0,0,False
omarkj,27,0.0,"Vancouver, BC, Canada",0,0,0,0,0,False
oost,2,0.0,,0,0,0,0,0,False
orangemocha,1,0.0,,0,0,0,0,0,False
orisano,1,0.0," Tokyo, Japan",0,0,0,0,0,False
osorensen,1,0.0,"Oslo, Norway",0,0,0,0,0,False
osterman,10,0.0,"Los Angeles, CA",0,0,0,0,0,False
otaviojr,5,0.0,Brasil,0,0,0,0,0,False
ozten,6,0.00027437471507222444,"Seattle, North America",0,0,0,0,0,False
pH200,1,0.0,"Taipei, Taiwan",0,0,0,0,0,False
pa-gerrit,1,0.0,,0,0,0,0,0,False
pablobernabeu,2,0.000504371341665667,,2,4,0,2,4,False
pachamaltese,4,0.00018259272525154472,,2,1,0,1,1,False
paddybyers,1,0.0,,0,0,0,0,0,False
paleolimbot,1,0.0,"Nova Scotia, Canada",1,0,0,1,0,True
palolili23,1,0.0,Rotterdam,1,0,0,1,0,False
panlanfeng,1,0.0,,1,0,0,1,0,False
paocorrales,2,0.0,Argentina,2,0,0,1,0,False
papandreou,2,0.0,"Copenhagen, Denmark",0,0,0,0,0,False
parisk,485,0.0,"Athens, Greece",0,0,0,0,0,False
past,1,0.0,"Mountain View, CA",0,0,0,0,0,False
patou,3,0.0,Nantes,0,0,0,0,0,False
paulb777,3,0.0,"Alameda, California  US",0,0,0,0,0,False
paulkaefer,7,0.0,"Minneapolis, MN",7,1,0,1,1,False
paulofelipe,1,0.0,"Brasília, DF, Brasil",1,1,0,1,1,False
paulschwarz,1,0.0,Paris,0,0,0,0,0,False
pbiecek,2,0.0,"Warsaw, Poland",2,0,0,1,0,False
pcc,1,0.0,,0,0,0,0,0,False
pdehaan,1,0.0,"Errington, BC, Canada",0,0,0,0,0,False
pdoran,1,0.0,,0,0,0,0,0,False
peacefullatom,12,0.0,"Perm, Russia",0,0,0,0,0,False
pearsonca,1,0.0,London,1,0,0,1,0,False
pelletiermaxime,1,0.0,,0,0,0,0,0,False
pengx17,4,0.0,Beijing,0,0,0,0,0,False
peter-leonov,2,0.0,"Berlin, Germany",0,0,0,0,0,False
peterfoley,1,0.0,"Pasadena, CA",1,0,0,1,0,False
peters,1,0.0,Norway,0,0,0,0,0,False
petrhosek,1,0.0,San Francisco Bay Area,0,0,0,0,0,False
petzi53,4,0.0,"Krems, Austria",0,0,0,0,0,False
pfitzseb,3,0.0,Berlin,0,0,0,0,0,False
pfmooney,129,0.0,Minnesnowta,0,0,0,0,0,False
pgericson,1,0.0,,0,0,0,0,0,False
philip-khor,1,0.0,Malaysia,0,0,0,0,0,False
phillc,1,0.0,NJ,0,0,0,0,0,False
philomonk,1,0.0,Berlin,0,0,0,0,0,False
pierrre,19,0.0,Paris,0,0,0,0,0,False
piotrantosik,1,0.0,"Kielce, Poland",0,0,0,0,0,False
piranha,2,0.0,"Kyiv, Ukraine",0,0,0,0,0,False
piscisaureus,594,0.004151723076257735,Amsterdam,0,0,0,0,0,False
pitakakariki,1,0.0,Dunedin,1,1,0,1,1,False
pkauders,2,0.0,"Madison, Wisconsin",0,0,0,0,0,False
pkq,1,0.0,,0,0,0,0,0,False
plmonette,1,0.0,Montreal,0,0,0,0,0,False
pmenglund,2,0.0,Bay Area,0,0,0,0,0,False
pnacht,1,0.0,,1,1,0,1,1,False
polmes,1,0.0,"Boulder, CO",0,0,0,0,0,False
portertech,11,0.0,"Kamloops, BC, Canada.",0,0,0,0,0,False
posthour1,1,0.0,,0,0,0,0,0,False
pquerna,2,0.0,"San Francisco, CA",0,0,0,0,0,False
praneetloke,1,0.0,"Seattle, WA",0,0,0,0,0,False
priestjim,102,0.0,"San Francisco, CA",0,0,0,0,0,False
prihoda,1,0.0,,1,1,0,1,1,False
princjef,6,0.0,"Redmond, WA",0,0,0,0,0,False
prosoitos,2,6.695539468998805e-06,"North Vancouver, BC, Canada",0,0,0,0,0,False
pshevtsov,61,0.0,Russia,0,0,1,0,0,False
pshultztest,1,0.0,,0,0,0,0,0,False
ptman,1,0.0,"Helsinki, Finland",0,0,0,0,0,False
ptqa,1,0.0,Kyiv,0,0,0,0,0,False
punya,1,0.0,"Boston, MA",0,0,0,0,0,False
pvictor,1,0.0,"Paris, France",0,1,0,0,1,False
pwnall,2,0.0,"San Francisco, CA",0,0,0,0,0,False
pyltime,4,0.0006612853642451057,Vermont,0,3,0,0,3,True
pyup-bot,22,0.0,,0,0,0,0,0,False
qbit,2,0.0,"Pueblo, CO",0,0,0,0,0,False
quackingduck,1,0.0,San Francisco,0,0,0,0,0,False
qurben,1,0.0,Delft,0,0,0,0,0,False
qvicksilver,3,0.0,,0,0,0,0,0,False
qwefgh90,1,0.0,Daejeon,0,0,0,0,0,False
rCarto,1,0.0,,0,0,0,0,0,False
rajshah4,4,0.0,Illinois,0,0,0,0,0,False
rakuco,1,0.0,"Amsterdam, Netherlands",0,0,0,0,0,False
raleksandar,4,0.0,"Belgrade, Serbia",0,0,0,0,0,False
ramiromagno,2,0.0,,0,4,0,0,2,False
ramnathv,4,0.0008211250406659112,San Francisco,0,0,0,0,0,False
rampr,1,0.0,Bangalore,0,0,0,0,0,False
randomascii,1,0.0,"Washington state, USA",0,0,0,0,0,False
randy3k,34,0.0010957597139120822,"Davis, CA",1,1,0,1,1,False
ranjib,2,0.02315267960332831,San Francisco Bay Area,0,0,0,0,0,False
ras44,2,0.0,,0,2,0,0,2,False
raubreywhite,1,0.0,,0,0,0,0,0,False
ravipudi,1,0.0,Hyderabad,0,0,0,0,0,False
rbang1,2,0.0,,0,0,0,0,0,False
rblades,1,0.0,,0,0,0,0,0,False
rcannood,1,0.0,"Ghent, Belgium",1,0,0,1,0,False
rcastane,2,0.0,"Igualada, Barcelona",0,0,0,0,0,False
rdutra,1,0.0,,0,0,0,0,0,False
rdwallis,1,0.0,"Durban, South Africa",0,0,0,0,0,False
reinaris,2,0.0,,0,0,0,0,0,False
rekado,2,1.7596023745807484e-05,The landmass of earth,1,0,0,1,0,False
remlapmot,2,4.202671303614649e-05,,0,4,0,0,2,False
renkun-ken,4,0.0010305435157874272,"Shanghai, China",0,1,0,0,1,False
retr0h,1,0.0,"Los Angeles, CA",0,0,0,0,0,False
reudismam,1,0.0,,0,0,0,0,0,False
revanthmahesh,1,0.0,Bangalore,0,0,0,0,0,False
revodavid,1,0.0,"San Francisco Bay Area, CA",1,0,0,1,0,False
rfhb,2,0.0005250984381934431,Amsterdam,1,0,0,1,0,False
rgaiacs,2,0.0,"Ouro Preto, Brazil",0,0,0,0,0,False
rhinopotamus,1,0.0,Salt Lake City,1,0,0,1,0,False
ricardochimal,2,0.0,,0,0,0,0,0,False
ricardofandrade,128,0.02382533496912529,USA,118,2,3,1,1,False
riccardoporreca,1,0.0,"Zurich, Switzerland",0,0,0,0,0,False
rich-iannone,3778,0.0018324247842258904,"Toronto, Canada",263,48,17,6,5,False
rich-rstudio,3,0.0,,3,14,0,1,1,False
richpauloo,1,0.0,,0,0,0,0,0,False
ricktbaker,2,0.0,"Edmond, OK",0,0,0,0,0,False
rikarends,1,0.0,,0,0,0,0,0,False
ringods,1,0.0,Belgium,0,0,0,0,0,False
ringw,1,0.0,New York,0,0,0,0,0,False
risacher,2,0.0,"Arlington, VA",0,0,0,0,0,False
rishab-pdx,8,0.0,,0,0,0,0,0,False
rivaquiroga,2,0.0,,2,1,0,1,1,False
rkhmelichek,1,0.0,"Brooklyn, New York",0,0,0,0,0,False
rkj,1,0.0,"Sunnyvale, CA",0,0,0,0,0,False
rkuris,1,0.0,"San Francisco, CA",0,0,0,0,0,False
rluble,644,0.0,,0,0,0,0,0,False
rmoriz,20,0.0,,0,0,0,0,0,False
rmustacc,10,0.0,,0,0,0,0,0,False
rnk,1,0.0,"Palo Alto, CA",0,0,0,0,0,False
robbfitzsimmons,1,0.0,"Chicago, IL",0,0,0,0,0,False
robbyshaver,40,0.0,,0,1,0,0,1,False
robertdj,1,0.0,Denmark,0,2,0,0,1,False
robertschnitman,1,0.0,,1,0,0,1,0,False
robertzk,3,0.0,"Chicago, IL",0,0,0,0,0,False
robins1212,1,0.0,,0,0,0,0,0,False
robitalec,1,0.0,,1,1,0,1,1,False
robjhyndman,7,0.0004570237011273785,"Wurundjeri country, Australia",1,0,0,1,0,False
robsonpeixoto,1,0.0,"Salvador, Bahia, Brasil",0,0,0,0,0,False
roke22,2,0.0,Elche,0,0,0,0,0,False
romainfrancois,2,0.0,"Montpellier, France",0,0,0,0,0,False
romunov,2,0.0,"Ljubljana, Slovenia",0,1,0,0,1,False
roninsightrx,1,0.0,,1,0,0,1,0,False
ronomal,2,0.0,Ireland,2,1,0,1,1,False
roottool,2,0.0,Japan,0,0,0,0,0,False
rorynolan,1,0.0,"Oakland, California.",0,0,0,0,0,False
rossholmberg,1,0.0,Australia,0,0,0,0,0,False
royfrancis,1,0.0,,0,1,0,0,1,False
rpodcast,9,0.0013383048936723393,,1,1,0,1,1,False
rpruim,3,0.0005628843285452938,"Grand Rapids, MI",0,0,0,0,0,False
rsangole,2,0.00029072862491428565,"Cupertino, CA",0,0,0,0,0,False
rsesek,41,0.0,"New York, NY",0,0,0,0,0,False
rstub,3,0.00023966501360455508,"Berlin, Germany",1,4,0,1,4,False
rubenfcasal,1,0.0,,0,0,0,0,0,False
rudeboybert,1,0.0,"Northampton MA, USA",0,0,0,0,0,False
ruflin,7,0.0,Zurich,0,0,0,0,0,False
ruizink,6,0.0,"Porto, Portugal",0,0,0,0,0,False
rukeba,3,0.0,"Dnipro, Ukraine",0,0,0,0,0,False
runarberg,2,0.0,Seattle,0,0,0,0,0,False
rundel,1,0.0,"Durham, NC / Edinburgh Scotland",0,2,0,0,2,False
russellpierce,1,0.0,Dallas,0,0,0,0,0,False
russplaysguitar,6,0.0,"San Luis Obispo, CA",0,0,0,0,0,False
rustybailey,1,0.0,"Atlanta, GA",0,0,0,0,0,False
rvg02010,2,0.0,"Cincinnati, OH",0,0,0,0,0,False
ry4nz,1,0.0,San Francisco Bay Area,0,0,0,0,0,False
ryangarnett,2,0.0,,0,0,0,0,0,False
ryansch,2,0.0,"British Columbia, Canada",0,0,0,0,0,False
ryanstevens,1,0.0,"San Francisco, CA",0,0,0,0,0,False
rye,1,0.0,"Verona, WI",0,0,0,0,0,False
saamalik,18,0.0,,0,0,0,0,0,False
sachsmc,1,0.0,"Stockholm, Sweden",0,0,0,0,0,False
sadmac7000,7,0.0,,0,0,0,0,0,False
saebekassebil,47,0.0,"Copenhagen, Denmark",0,0,0,0,0,False
sagar2agrawal,1,0.0,ahmedabad,0,0,0,0,0,False
saghul,34,0.0,Amsterdam,0,0,0,0,0,False
sahirbhatnagar,1,0.0,"Montreal, QC, Canada",0,0,0,0,0,False
sainathadapa,1,0.0,Stockholm,0,0,0,0,0,False
saisandeepvaddi,1,0.0,"College Park, MD",0,0,0,0,0,False
salauer,1,0.0,"Baltimore, MD",1,0,0,1,0,False
salim-b,10,0.0021735650866684555,Switzerland,6,12,0,3,4,False
salk31,2,0.0,,0,0,0,0,0,False
sambaala,2,0.0,,0,0,0,0,0,False
samuel-rosa,2,0.00022519420181270664,"Santa Helena, PR, Brazil",0,1,0,0,1,False
samyakbhuta,1,0.0,,0,0,0,0,0,False
sarahemlin,27,0.0008352623116759478,,34,0,3,9,0,False
sastan,1,0.0,"Berlin, Germany",0,0,0,0,0,False
saswatds,2,0.0,India,0,0,0,0,0,False
satyr,1,0.0,"Nara, Japan",0,0,0,0,0,False
saulcosta,1,0.0,"San Diego, CA",0,0,0,0,0,False
saurfang,9,0.0009194054867026335,,0,0,0,0,0,False
sayrer,105,0.0,,0,0,0,0,0,False
sbarman,23,0.0,,0,0,0,0,0,False
sboysel,2,0.0,Los Angeles,0,0,0,0,0,False
scalp42,2,0.0,San Francisco,0,0,0,0,0,False
schisamo,31,0.0,"Marietta, GA",0,0,0,0,0,False
schlamar,6,0.0,,0,0,0,0,0,False
schloerke,3566,0.013957918009336231,,2633,62,204,25,19,False
scottgigante,5,0.0,"New Haven, Connecticut",0,1,0,0,1,False
scottkosty,1,0.0,,0,0,0,0,0,False
scottmmjackson,249,0.0005907303401222221,"Philadelphia, PA",185,7,80,4,4,True
scttl,1,0.0,"San Diego, CA",0,0,0,0,0,False
sdegutis,1,0.0,,0,0,0,0,0,False
sdelano,7,0.0,"Seattle, WA",0,0,0,0,0,False
seanchrismurphy,1,0.0,Australia,0,0,0,0,0,False
seankross,4,0.0026640135670906637,"San Diego, CA",0,0,0,0,0,False
seanmonstar,20,0.0,California,0,0,0,0,0,False
sebasjm,2,0.0,[],[],[],[],[],[],False
sebastian-c,1,0.0,Rome,0,0,0,0,0,False
sebkopf,1,0.0,,1,0,0,1,0,False
seebees,1,0.0,,0,0,0,0,0,False
seejohnrun,3,0.0,"Colts Neck, NJ",0,0,0,0,0,False
segevfiner,1,0.0,Israel,0,0,0,0,0,False
seishun,1,0.0,Riga,0,0,0,0,0,False
seiyria,4,0.0,"Oshkosh, WI",0,0,0,0,0,False
sellorm,35,0.00019222506551092855,"Stroud, UK",27,6,8,2,2,False
sergi,12,0.0,Barcelona,0,0,0,0,0,False
sergioramos,1,0.0,"Leiria, Portugal",0,0,0,0,0,False
sethcall,10,0.0,,0,0,0,0,0,False
sethvargo,23,0.0294303995883253,"Pittsburgh, PA",0,0,0,0,0,False
seven1m,3,0.0,"Tulsa, OK, USA",0,0,0,0,0,False
sevki,2,0.0,/n/sources,0,0,0,0,0,False
sfx101,1,0.0,"Kolkata, India",0,0,0,0,0,False
sgallagher,2,0.0,"Westford, MA",0,0,0,0,0,False
sgraham,466,0.0,"Vancouver, Canada",0,0,0,0,0,False
sgrubsmyon,1,0.0,Bonn,0,0,0,0,0,False
shadow-cs,1,0.0,Czech Republic,0,0,0,0,0,False
shalutiwari,12,0.0,,12,7,0,1,5,False
shancarter,196,0.0,San Francisco Bay Area,0,0,0,0,0,False
shanewholloway,1,0.0,"Colorado Springs, CO",0,0,0,0,0,False
shapenaji,2,0.0,Netherlands,0,0,0,0,0,False
shapeshed,2,0.0,,0,0,0,0,0,False
shapiromatron,1,0.0,"Durham, NC USA",0,0,0,0,0,False
shenfei,2,0.0,,2,1,0,1,1,False
shimondoodkin,2,0.0,"Haifa, Israel",0,0,0,0,0,False
shiosai,2,0.0,,0,0,0,0,0,False
shortdudey123,5,0.0,https://twitter.com/shortdudey123,0,0,0,0,0,False
shrektan,106,0.005192941286590433,"Beijing, China",60,18,5,3,8,False
shroudedcode,1,0.0,Germany,0,0,0,0,0,False
shunwen,2,0.0,Taiwan,0,0,0,0,0,False
sigmaprojects,1,0.0,"Orange County, CA",0,0,0,0,0,False
signalskew,5,0.0,"Denver, Colorado",0,0,0,0,0,False
sigriston,3,0.0,,0,0,0,0,0,False
sigurasg,14,0.0,,0,0,0,0,0,False
silvenon,1,0.0,"Zagreb, Croatia",0,0,0,0,0,False
silviocacamo,1,0.0,Turin - Italy,0,0,0,0,0,False
simonwhitaker,1,0.0,"Oxfordshire, UK",0,0,0,0,0,False
sindresorhus,17,0.0,,0,0,0,0,0,False
singjie,1,0.0,Singapore,0,0,0,0,0,False
sipemu,1,0.0,Biberach (Riß),0,0,0,0,0,False
sitzmar,1,0.0,,0,0,0,0,0,False
sixvable,1,0.0,,1,2,0,1,1,False
sje30,1,0.0,Cambridge,0,0,0,0,0,False
sjmgarnier,3,0.0,"Newark, NJ",0,0,0,0,0,False
skadauke,1,0.0,,0,1,0,0,1,False
skavanagh,1,0.0,"Cleveland, OH",0,0,0,0,0,False
skeydan,1245,0.0003002975212755863,,532,5,19,8,2,False
skprabhanjan,1,0.0,Bengaluru,0,0,0,0,0,False
skranz,1,0.0,,0,4,0,0,2,False
skyostil,1,0.0,Finland,0,0,0,0,0,False
skyway777,1,0.0,,0,0,0,0,0,False
slauriat,1,0.0,,0,0,0,0,0,False
slel,2,0.0,,0,0,0,0,0,False
slopp,352,0.007680983004544105,,14,7,4,6,6,True
smford22,1,0.0,,0,0,0,0,0,False
smurching,84,0.0,,0,0,0,0,0,False
solecism,1,0.0,,0,0,0,0,0,False
soleo,1,0.0,"Chicago, IL",0,0,0,0,0,False
solispauwels,1,0.0,Louvain-la-Neuve,0,0,0,0,0,False
soltmar,1,0.0,UK / Poland,0,0,0,0,0,False
sourrust,29,0.0,"Phoenix, AZ",0,0,0,0,0,False
spajus,1,0.0,,0,0,0,0,0,False
spladug,5,0.0,San Francisco,0,0,0,0,0,False
sql-and-r,1,0.0,,0,0,0,0,0,False
srid,40,0.0,"Quebec City, QC",0,0,0,0,0,False
srossross,1,0.0,"Vancouver, BC",0,0,0,0,0,False
ssinnott,12,0.00017625492771112185,,0,3,1,0,2,False
stalcup,196,0.0,,0,0,0,0,0,False
starpit,3,0.0,[],[],[],[],[],[],False
staticfloat,5,0.04217912936455102,"Seattle, USA",0,0,0,0,0,False
statist-bhfz,5,0.0,Kiev,0,2,0,0,2,False
statkclee,3,0.0,Korea,0,0,0,0,0,False
stbof,29,0.0,,0,0,0,0,0,False
stefan-mueller,5,0.0,Dublin,1,0,0,1,0,False
stefanfritsch,1,0.0,,0,0,0,0,0,False
stefk,1,0.0,Brussels,0,0,0,0,0,False
stenhaug,1,0.0,,0,0,0,0,0,False
stensonb,2,0.0,Tacoma WA,0,0,0,0,0,False
stephendonner,52,0.0,"Mountain View, CA",0,0,0,0,0,False
stephenh,20,0.0,,0,0,0,0,0,False
stephlocke,2,0.0,United Kingdom,0,0,0,0,0,False
stevedomin,1,0.0,London,0,0,0,0,0,False
steveharoz,4,0.0,"Paris, France",0,0,0,0,0,False
stevendanna,1,0.0,,0,0,0,0,0,False
stevenolen,79,0.00260321044222363,"Philadelphia, PA",5,2,4,2,2,False
stivyw,1,0.0,Brazil,0,0,0,0,0,False
stkvrs,1,0.0,"Athens, Greece",0,0,0,0,0,False
stragu,1,0.0,,1,3,0,1,1,False
strakaps,2,0.0,"Sydney, Australia",0,0,0,0,0,False
streeter,2,0.0,"San Francisco, CA",0,0,0,0,0,False
strepon,1,0.0,,0,0,0,0,0,False
stuicey,1,0.0,,0,0,0,0,0,False
subnetmarco,3,0.0,San Francisco,0,0,0,0,0,False
subsonic,1,0.0,"Hanalei, HI",0,0,0,0,0,False
substack,151,0.0,,0,0,0,0,0,False
sueann,6,0.0,,0,0,0,0,0,False
summatix,1,0.0,Nomad,0,0,0,0,0,False
sunggun-yu,4,0.0,"New York, NY, USA",0,0,0,0,0,False
superbob,1,0.0,,0,0,0,0,0,False
svdwoude,1,0.0,,0,0,0,0,0,False
svenstaro,1,0.0,"Germany, Hamburg",0,0,0,0,0,False
swhaat,2,0.0,,2,0,0,1,0,False
swmpkim,1,0.0,Coastal Mississippi,1,0,0,1,0,False
swt30,1,0.0,"Exeter, UK",2,1,0,1,1,False
swznd,4,0.0,Indonesia,0,0,0,0,0,False
syrusakbary,1,0.0,"San Francisco, CA",0,0,0,0,0,False
t-kalinowski,29,3.362670702736382e-05,New York,3,6,0,1,4,False
tadeegan,2,0.0,San Francisco,0,0,0,0,0,False
talgalili,49,0.0,"Tel aviv, Israel",0,0,0,0,0,False
tallguyjenks,1,0.0,Sacramento Area,1,1,0,1,1,False
tanderson-google,2,0.0,,0,0,0,0,0,False
tanqhnguyen,9,0.0,"Vantaa, Finland",0,0,0,0,0,False
taoruicn,2,0.0,,0,0,0,0,0,False
tareefk,53,0.00011340895685184932,,0,0,0,0,0,False
tas50,9,0.0,[],[],[],[],[],[],False
tbradley1013,36,0.0,,36,3,0,1,2,False
tbroyer,134,0.0,"Dijon, France",0,0,0,0,0,False
tcgriffith,4,0.0001203688534147892,Australia,0,0,0,0,0,False
tcwilkinson,1,0.0,,1,0,0,1,0,False
tebruno99,1,0.0,,0,0,0,0,0,False
technomancy,99,0.0,,0,0,0,0,0,False
tejaycar,4,0.0,,0,0,0,0,0,False
tellnes,1,0.0,"Trondheim, Norway",0,0,0,0,0,False
temsa,1,0.0,"Lyon, France",0,0,0,0,0,False
tenbits,1,0.0,"Germany, Leipzig",0,0,0,0,0,False
tereom,1,0.0,Mexico,1,0,0,1,0,False
terrameijar,9,0.0,Zimbabwe,0,0,0,0,0,False
terrytangyuan,671,0.00020225560083805624,"West Lafayette, IN, USA",9,1,2,4,1,False
tfeb,1,0.0,,0,0,0,0,0,False
tgandrews,1,0.0,"Bath, UK",0,0,0,0,0,False
tgoldman,3,0.0,,0,0,0,0,0,False
thalesmello,1,0.0,San Fransisco,0,0,0,0,0,False
thanosgatos,1,0.0,"Ghent, Belgium",0,0,0,0,0,False
thebradbain,1,0.0,"Los Angeles, CA | Dallas, TX",0,0,0,0,0,False
thefallentree,2,0.0,"USA, SF Bay area",0,0,0,0,0,False
theflyingape,1,0.0,"Providence, Rhode Island",0,0,0,0,0,False
thekvn,1,0.0,Hong Kong,0,0,0,0,0,False
thenengah,1,0.0,,0,0,0,0,0,False
thereseanders,1,0.0,Los Angeles,1,0,0,1,0,False
thiromi,1,0.0,Brasil,0,0,0,0,0,False
thiyagu-p,1,0.0,,0,0,0,0,0,False
thomasp85,7,0.0005052525028544523,Copenhagen,7,6,0,2,3,False
thomaspeitz,1,0.0,Düsseldorf,0,0,0,0,0,False
threadproc,1,0.0,Canada,0,0,0,0,0,False
thughes,2,0.0,,0,0,0,0,0,False
tim-salabim,5,0.0,Nürnberg,0,0,0,0,0,False
timelyportfolio,77,0.0010983057953715982,"Birmingham, AL  USA",0,0,0,0,0,False
timeu,3,0.0,Vienna,0,0,0,0,0,False
timholy,1,0.0,"St. Louis, Missouri, USA",0,0,0,0,0,False
timmattison,1,0.0,New York,0,0,0,0,0,False
timtrice,1,0.0,"Houston, TX",0,0,0,0,0,False
tj,2,0.004151723076257735,"London, UK",0,0,0,0,0,False
tjfontaine,34,0.0,"San Francisco, CA",0,0,0,0,0,False
tmastny,106,3.743901667922531e-05,,0,0,0,0,0,False
tmichel,26,0.0,Hungary,0,0,0,0,0,False
tmpfs,2,0.0,Now-here,0,0,0,0,0,False
tmuellerleile,3,0.0,,0,0,0,0,0,False
tmyt,5,0.0,"Hyogo, Japan",0,0,0,0,0,False
tojofo,1,0.0,,0,0,0,0,0,False
tom-novologic,2,0.0,,0,0,0,0,0,False
tomasatdatabricks,20,0.0,,0,0,0,0,0,False
tomatoiscoding,1,0.0,Brisbane,0,0,0,0,0,False
ton31337,2,0.0,,0,0,0,0,0,False
tonistiigi,1,0.0,San Francisco,0,0,0,0,0,False
toooni,1,0.0,Bern,0,0,0,0,0,False
topepo,18,0.004079008833701026,,5,0,1,3,0,False
toritori0318,1,0.0,Tokyo,0,0,0,0,0,False
tormodb,1,0.0,"Bergen, Norway",0,0,0,0,0,False
totekp,1,0.0,,0,0,0,0,0,False
tpalusga,1,0.0,,0,0,0,0,0,False
tpounds,3,0.0,,0,0,0,0,0,False
trav,1,0.0,"San Francisco, CA",0,0,0,0,0,False
trentm,10,0.0,"Vancouver, Canada",0,0,0,0,0,False
trestletech,1113,0.08001292992651882,"Dallas, TX",44,19,13,5,4,False
trevnorris,1,0.0,"Kaysville, UT",0,0,0,0,0,False
trinker,1,0.0,"Buffalo, NY",0,0,0,0,0,False
trondn,2,0.0,Norway,0,0,0,0,0,False
trygve-lie,1,0.0,"OSLO, Norway",0,0,0,0,0,False
tsl0922,1,0.0,,0,0,0,0,0,False
tsloughter,9,0.0,"Larkspur, CO",0,0,0,0,0,False
tteo,1,0.0,Westchester,0,0,0,0,0,False
turtle0x1,1,0.0,,0,0,0,0,0,False
tux21b,2,0.0,Graz / Austria,0,0,0,0,0,False
twz123,1,0.0,Germany,0,0,0,0,0,False
txdv,9,0.002794542401377125,"Lithuania, Vilnius",0,0,0,0,0,False
tylfin,6,0.0,New York,6,0,4,1,0,False
typester,3,0.0,"Portland, OR",0,0,0,0,0,False
tzerk,1,0.0,Deutschland,0,0,0,0,0,False
tzik,1,0.0,"Tokyo, Japan",0,0,0,0,0,False
umayr,1,0.0,"Toronto, ON, Canada",0,0,0,0,0,False
unhandled-exception,1,0.0,"Russia, Moscow",0,0,0,0,0,False
unrahul,1,0.0,,0,0,0,0,0,False
upsuper,1,0.0,"Sydney, Australia",0,0,0,0,0,False
uribo,1,0.0,"Tsukuba, Japan",0,1,0,0,1,False
uvesten,1,0.0,,0,0,0,0,0,False
vadim-termius,3,0.0,,0,0,0,0,0,False
vanillahsu,1,0.0,Taipei,0,0,0,0,0,False
vast,8,0.0,,0,0,0,0,0,False
veeps,2,0.0,,2,0,0,1,0,False
vegegoku,3,0.0,Amman-Jordan,0,0,0,0,0,False
vfdev-5,7,0.0,,0,0,0,0,0,False
vfulco,8,0.0014609911379885538,"Shanghai, China",0,0,0,0,0,False
vhata,3,0.0,"Vancouver, BC, Canada",0,0,0,0,0,False
vhbit,6,0.0,Chisinau,0,0,0,0,0,False
vicolachips44,1,0.0,Nantes,0,0,0,0,0,False
vidschofelix,1,0.0,Germany,0,0,0,0,0,False
viebrix,5,0.0,"Vienna, Austria",0,0,0,0,0,False
ville-k,1,0.0,"Boulder, CO",0,0,0,0,0,False
vincentvanderweele,1,0.0,"Helsinki, Finland",0,0,0,0,0,False
vincentwoo,7,0.0,San Francisco,0,0,0,0,0,False
vingtetun,468,0.0,,0,0,0,0,0,False
violetr,1,0.0,,1,0,0,1,0,False
vjcitn,1,0.0,Boston,0,1,0,0,1,False
vlad902,27,0.0,,0,0,0,0,0,False
vladimirze,2,0.0,Israel,0,0,0,0,0,False
vladmos,1,0.0,"Munich, Germany",0,0,0,0,0,False
vladsaveliev,2,0.0,Melbourne,0,0,0,0,0,False
vlasovskikh,3,0.0,"Saint Petersburg, Russia",0,0,0,0,0,False
vmg,177,0.0,Madrid,0,0,0,0,0,False
vnijs,1,0.0,"San Diego, CA",0,6,0,0,4,False
voidlock,294,0.0,"Nanaimo, BC, Canada",0,0,0,0,0,False
vojtajina,1,0.0,San Francisco Bay Area,0,0,0,0,0,False
volkangurel,1,0.0,"San Francisco, CA",0,0,0,0,0,False
vooon,1,0.0,Moscow,0,0,0,0,0,False
vpanfilov,1,0.0,"Moscow, Russia",0,2,0,0,2,False
vrana,2,0.0,"Praha, Czechia",0,0,0,0,0,False
vsinha,5,0.0,New York,0,0,0,0,0,False
vttrifonov,1,0.0,,0,0,0,0,0,False
vwmaus,1,0.0,"Vienna, Austria",0,0,0,0,0,False
vzemlys,1,0.0,Lithuania,0,0,0,0,0,False
wankdanker,2,0.0,"Rochester, NY",0,0,0,0,0,False
warpdesign,1,0.0,"Paris, France",0,0,0,0,0,False
wavebeem,1,0.0,"Portland, OR",0,0,0,0,0,False
waywardmonkeys,4,0.0,,0,0,0,0,0,False
wch,6193,0.01991710245352057,,857,22,203,22,10,False
wdouglascampbell,1,0.0,,0,0,0,0,0,False
webbp,1,0.0,"San Francisco, CA",0,0,0,0,0,False
weigon,7,0.0,,0,0,0,0,0,False
wfjvdham,5,0.0,Amsterdam,5,0,0,1,0,False
whiletruelearn,1,0.0,chennai,0,0,0,0,0,False
whydoubt,7,0.0,Oklahoma City,0,0,0,0,0,False
wibeasley,2,9.128849690369798e-06,Oklahoma,0,0,0,0,0,False
will-moore,2,0.0,Dundee,0,0,0,0,0,False
winstonewert,2,0.0,,0,0,0,0,0,False
winterwang,1,0.0,"Japan, Aichi; UK, London",0,0,0,0,0,False
wittemann,2,0.0,"Karlsruhe, Germany",0,0,0,0,0,False
wjakethompson,1,0.0,"Lawrence, KS",1,2,0,1,1,False
wjjung317,1,0.0,,0,0,0,0,0,False
wojcikstefan,2,0.0,"Warsaw, Poland",0,0,0,0,0,False
wwang-at-github,5,0.0,,0,0,0,0,0,False
xaguilars,33,0.0,,0,0,0,0,0,False
xk,1,0.0,España,0,0,0,0,0,False
xlson,1,0.0,"Stockholm, Sweden",0,0,0,0,0,False
xrvalencia,1,0.0,"San Juan, Philippines",0,0,0,0,0,False
xtofian,1,0.0,,0,0,0,0,0,False
xueyumusic,2,0.0,,0,0,0,0,0,False
xydrolase,3,4.278306592498756e-05,"New York, NY",0,0,0,0,0,False
yabellini,3,7.891228617714094e-05,"Santa Rosa, La Pampa, Argentina",3,2,0,2,1,False
yasirs,1,0.0,,0,0,0,0,0,False
yawnt,4,0.0,,0,0,0,0,0,False
yeah,1,0.0,,0,0,0,0,0,False
yhahn,1,0.0,DC,0,0,0,0,0,False
yihui,5865,0.029263904985261723,"Omaha, NE",813,6,245,13,5,False
yimingli,1,0.0,,1,0,0,1,0,False
yitao-li,59,8.885171499887947e-05,Canada,59,0,6,3,0,True
yixuan,7,0.0003003335695207112,"Pittsburgh, PA",0,0,0,0,0,False
yn,1,0.0,,0,0,0,0,0,False
yogat3ch,2,0.0,"Milledgeville, GA",2,5,0,1,4,False
yosefd,1,0.0,Israel,0,0,0,0,0,False
yoshiwaan,1,0.0,"Vancouver, Canada",0,0,0,0,0,False
ypaq,14,0.0,,0,0,0,0,0,False
yufree,14,0.0,New York,0,0,0,0,0,False
yupbank,2,0.0,Montreal,0,0,0,0,0,False
yupimaki,2,0.0,,0,0,0,0,0,False
yurovant,1,0.0,"Kyiv, Ukraine",0,0,0,0,0,False
yurydelendik,60,0.0,,0,0,0,0,0,False
yutannihilation,18,0.004934309306509967,Japan,1,0,0,1,0,False
yuvipanda,3,0.0,,0,0,0,0,0,False
yyamano,1,0.0,Tokyo,0,0,0,0,0,False
yzibin,1,0.0,,0,0,0,0,0,False
zachbogart,1,0.0,,0,0,0,0,0,False
zak905,1,0.0,Berlin,0,0,0,0,0,False
zarry,1,0.0,"Albany, NY",0,0,0,0,0,False
zedoul,1,0.0,Årsta,0,0,0,0,0,False
zeehio,8,0.0007608421420757472,Hamburg area,1,1,0,1,1,False
zefhemel,18,0.0,"Poznań, Poland",0,0,0,0,0,False
zkamvar,20,0.001586313057762629,"Portland, OR",0,1,0,0,1,False
zmodem,3,0.0,,0,0,0,0,0,False
zquestz,1,0.0,CA,0,0,0,0,0,False
zwhitchcox,1,0.0,"Knoxville, TN",0,0,0,0,0,False
zxdong262,1,0.0,"Xiamen, China",0,0,0,0,0,False
