,contributions,repo
jjallaire,11843,rstudio
jmcphers,6322,rstudio
kevinushey,6275,rstudio
gtritchie,2794,rstudio
javierluraschi,1854,rstudio
jcheng5,1550,rstudio
melissa-barca,730,rstudio
kfeinauer,671,rstudio
MariaSemple,584,rstudio
dragonstyle,557,rstudio
ricardofandrade,118,rstudio
adamconroy,112,rstudio
stevenolen,39,rstudio
randy3k,32,rstudio
jeffreyhorner,23,rstudio
justacec,9,rstudio
JanMarvin,8,rstudio
jwpaulson,7,rstudio
jrnold,7,rstudio
paulkaefer,7,rstudio
jimhester,6,rstudio
dirkschumacher,5,rstudio
Katzmann1983,5,rstudio
yihui,5,rstudio
andrie,4,rstudio
asherkhb,4,rstudio
inventionate,4,rstudio
flying-sheep,4,rstudio
hrbrmstr,4,rstudio
harupiko,3,rstudio
jameslamb,3,rstudio
analyst-miden,3,rstudio
HenrikBengtsson,3,rstudio
rich-rstudio,3,rstudio
chrisvoncsefalvay,3,rstudio
yutannihilation,3,rstudio
Mailaender,3,rstudio
agrueneberg,2,rstudio
aronatkins,2,rstudio
kant,2,rstudio
daattali,2,rstudio
pyltime,2,rstudio
Enchufa2,2,rstudio
jan-glx,2,rstudio
jeroen,2,rstudio
jdblischak,2,rstudio
krlmlr,2,rstudio
dgromer,2,rstudio
meztez,2,rstudio
schloerke,1,rstudio
Torvaney,1,rstudio
pearsonca,1,rstudio
cbrueffer,1,rstudio
csgillespie,1,rstudio
EconomiCurtis,1,rstudio
daikikatsuragawa,1,rstudio
dspinellis,1,rstudio
fredricj,1,rstudio
James-Arnold,1,rstudio
jar1karp,1,rstudio
trestletech,1,rstudio
juba,1,rstudio
rye,1,rstudio
lmullen,1,rstudio
mckinsel,1,rstudio
mokjpn,1,rstudio
mattgrogan,1,rstudio
mjsteinbaugh,1,rstudio
cHYzZQo,1,rstudio
pgericson,1,rstudio
polmes,1,rstudio
kiwiroy,1,rstudio
sainathadapa,1,rstudio
scottkosty,1,rstudio
vpanfilov,1,rstudio
dmurdoch,1,rstudio
fishgal64,1,rstudio
giuseppec,1,rstudio
reudismam,1,rstudio
rhinopotamus,1,rstudio
seankross,1,rstudio
yn,1,rstudio
osorensen,1,rstudio
bwlewis,22,R-Websockets
jcheng5,19,R-Websockets
jeffreyhorner,13,R-Websockets
jaryan,1,R-Websockets
fjakobs,1469,ace
jviereck,166,ace
joewalker,127,ace
nightwing,126,ace
Gozala,51,ace
mikedeboer,39,ace
mihaisucan,26,ace
jcheng5,21,ace
zefhemel,18,ace
dangoor,14,ace
janjongboom,12,ace
sergi,12,ace
dgeorge,10,ace
SunboX,9,ace
TomTasche,8,ace
cadorn,8,ace
misfo,8,ace
jasononeil,7,ace
leegao,7,ace
gkleiman,6,ace
russplaysguitar,6,ace
mattpardee,6,ace
btelles,5,ace
defunkt,5,ace
ejpbruel2,4,ace
jpallen,4,ace
c-spencer,3,ace
eikeon,3,ace
paulb777,3,ace
SRabbelier,3,ace
iebuggy,3,ace
adamjimenez,2,ace
desoi,2,ace
jordanlewis,2,ace
NatalieWolfe,2,ace
sebasjm,2,ace
btilford,2,ace
gigasquid,2,ace
mrpants,2,ace
okonomiyaki3000,2,ace
wittemann,2,ace
AndreasMadsen,1,ace
chrisjacob,1,ace
kemayo,1,ace
derekcroft,1,ace
giannis,1,ace
jakewins,1,ace
jcasimir,1,ace
zquestz,1,ace
kernel1983,1,ace
lamaster,1,ace
singjie,1,ace
MikeRatcliffe,1,ace
past,1,ace
subsonic,1,ace
RyanHope,1,ace
tgandrews,1,ace
bolste,1,ace
mwkaufmann,1,ace
nantoniazzi,1,ace
rikarends,1,ace
satyr,1,ace
notmasteryet,509,pdf.js
vingtetun,468,pdf.js
andreasgal,455,pdf.js
brendandahl,296,pdf.js
arturadib,294,pdf.js
joneschrisg,258,pdf.js
jviereck,231,pdf.js
sayrer,105,pdf.js
kkujala,97,pdf.js
yurydelendik,60,pdf.js
saebekassebil,47,pdf.js
justindarc,39,pdf.js
gigaherz,34,pdf.js
jcheng5,31,pdf.js
sbarman,23,pdf.js
igstan,9,pdf.js
merkste,9,pdf.js
jwagner79,4,pdf.js
swznd,4,pdf.js
cpeterso,3,pdf.js
aeosynth,3,pdf.js
mrqzzz,3,pdf.js
heyLu,2,pdf.js
debloper,2,pdf.js
acornejo,1,pdf.js
bernerdschaefer,1,pdf.js
LegNeato,1,pdf.js
mehlis,1,pdf.js
devongovett,1,pdf.js
ivarsv,1,pdf.js
morgandenning,1,pdf.js
yihui,212,markdown
jeffreyhorner,58,markdown
jjallaire,38,markdown
HenrikBengtsson,7,markdown
jimhester,5,markdown
yixuan,5,markdown
kohske,3,markdown
anovember,2,markdown
jcheng5,2,markdown
jeroen,1,markdown
nachocab,1,markdown
aoles,1,markdown
leeper,1,markdown
isagalaev,327,highlight.js
sourrust,29,highlight.js
bolknote,19,highlight.js
lsegal,12,highlight.js
vast,8,highlight.js
StepLg,6,highlight.js
vhbit,6,highlight.js
raleksandar,4,highlight.js
vlasovskikh,3,highlight.js
seejohnrun,3,highlight.js
grigio,3,highlight.js
Sannis,3,highlight.js
rukeba,3,highlight.js
hitsthings,2,highlight.js
myadzel,2,highlight.js
piranha,2,highlight.js
arhibot,2,highlight.js
coagulant,2,highlight.js
peter-leonov,2,highlight.js
dnagir,1,highlight.js
malcolmt,1,highlight.js
unhandled-exception,1,highlight.js
drakeguan,1,highlight.js
vooon,1,highlight.js
vladmos,1,highlight.js
btd,1,highlight.js
ignatov,1,highlight.js
vmg,177,sundown
andre-d,5,sundown
spladug,5,sundown
bnoordhuis,3,sundown
cweider,3,sundown
gregleaver,3,sundown
SamB,3,sundown
brandonc,2,sundown
jjallaire,2,sundown
kjk,2,sundown
jbergstroem,2,sundown
FSX,1,sundown
jnovinger,1,sundown
mattsta,1,sundown
SRombauts,1,sundown
chobie,1,sundown
txdv,1,sundown
mcansky,1,sundown
nono,1,sundown
wch,1947,shiny
jcheng5,1189,shiny
yihui,449,shiny
schloerke,389,shiny
jjallaire,278,shiny
bborgesr,235,shiny
cpsievert,200,shiny
alandipert,162,shiny
trestletech,154,shiny
jmcphers,100,shiny
jooyoungseo,84,shiny
hadley,40,shiny
tmastny,17,shiny
ColinFay,10,shiny
daattali,9,shiny
AliciaSchep,5,shiny
gaborcsardi,5,shiny
saurfang,5,shiny
crtahlin,4,shiny
nathancday,3,shiny
nuno-agostinho,3,shiny
mine-cetinkaya-rundel,3,shiny
albertosantini,2,shiny
andrewsali,2,shiny
kevinushey,2,shiny
dmpe,2,shiny
jeffreyhorner,2,shiny
ahmohamed,1,shiny
akgold,1,shiny
andrewbaxter439,1,shiny
aalucaci,1,shiny
aronatkins,1,shiny
carlganz,1,shiny
chasemc,1,shiny
colearendt,1,shiny
dselivanov,1,shiny
dmbates,1,shiny
edwindj,1,shiny
eiriksm,1,shiny
mikelove,1,shiny
pshultztest,1,shiny
RCura,1,shiny
seanchrismurphy,1,shiny
sipemu,1,shiny
xydrolase,1,shiny
ginberg,1,shiny
leslie-huang,1,shiny
vnijs,1,shiny
pvictor,1,shiny
shrektan,1,shiny
egorkhmelev,18,jslider
wch,5,jslider
jcheng5,4,jslider
mitchellrj,1,jslider
claudio5678,1,jslider
jcheng5,473,shiny-server
trestletech,379,shiny-server
jeffreyhorner,38,shiny-server
alandipert,29,shiny-server
aronatkins,26,shiny-server
wch,15,shiny-server
stevenolen,6,shiny-server
bborgesr,3,shiny-server
fereshtehRS,3,shiny-server
blongworth,2,shiny-server
danbentley,2,shiny-server
daattali,2,shiny-server
emcrisan,1,shiny-server
pyltime,1,shiny-server
jangaraj,1,shiny-server
yeah,1,shiny-server
jtoloe,1,shiny-server
brooklynbagel,1,shiny-server
innir,1,shiny-server
SiggyF,1,shiny-server
vzemlys,1,shiny-server
jcheng5,11,shiny-incubator
wch,6,shiny-incubator
jcheng5,3,node-unixgroups
jrozner,1,node-unixgroups
indexzero,241,node-http-proxy
mmalecki,76,node-http-proxy
Marak,51,node-http-proxy
dominictarr,36,node-http-proxy
AvianFlu,13,node-http-proxy
coderarity,12,node-http-proxy
indutny,9,node-http-proxy
jfhbrook,8,node-http-proxy
olauzon,7,node-http-proxy
isaacs,7,node-http-proxy
trestletech,7,node-http-proxy
cronopio,5,node-http-proxy
bmeck,5,node-http-proxy
otaviojr,5,node-http-proxy
benatkin,4,node-http-proxy
yawnt,4,node-http-proxy
maxogden,3,node-http-proxy
mikkel,3,node-http-proxy
colinmollenhour,3,node-http-proxy
subnetmarco,3,node-http-proxy
DanBUK,2,node-http-proxy
drewp,2,node-http-proxy
blakmatrix,2,node-http-proxy
shapeshed,2,node-http-proxy
erasmospunk,2,node-http-proxy
jcheng5,2,node-http-proxy
elfsternberg,2,node-http-proxy
GUI,2,node-http-proxy
oost,2,node-http-proxy
darashi,2,node-http-proxy
itsjamie,2,node-http-proxy
jpetazzo,2,node-http-proxy
piscisaureus,1,node-http-proxy
c4milo,1,node-http-proxy
tellnes,1,node-http-proxy
Southern,1,node-http-proxy
fjakobs,1,node-http-proxy
temsa,1,node-http-proxy
gilad61,1,node-http-proxy
janl,1,node-http-proxy
jnordberg,1,node-http-proxy
jfromaniello,1,node-http-proxy
jmatthewsr-ms,1,node-http-proxy
KimSchneider,1,node-http-proxy
larsburgess,1,node-http-proxy
metahack,1,node-http-proxy
quackingduck,1,node-http-proxy
dscape,1,node-http-proxy
peters,1,node-http-proxy
rampr,1,node-http-proxy
Raynos,1,node-http-proxy
Filirom1,1,node-http-proxy
ryanstevens,1,node-http-proxy
samyakbhuta,1,node-http-proxy
sergioramos,1,node-http-proxy
tj,1,node-http-proxy
Kami,1,node-http-proxy
1stvamp,1,node-http-proxy
yosefd,1,node-http-proxy
koichik,1,node-http-proxy
pdoran,1,node-http-proxy
timmattison,1,node-http-proxy
wch,4,shiny_example
bnoordhuis,894,libuv
piscisaureus,593,libuv
indutny,56,libuv
saghul,34,libuv
tjfontaine,34,libuv
isaacs,23,libuv
erickt,21,libuv
jedisct1,14,libuv
HenryRawas,14,libuv
AvianFlu,12,libuv
mmalecki,10,libuv
rmustacc,10,libuv
jcheng5,9,libuv
txdv,8,libuv
mscdex,8,libuv
japj,7,libuv
DrPizza,7,libuv
luislavena,6,libuv
schlamar,6,libuv
okuoku,6,libuv
bajtos,5,libuv
waywardmonkeys,4,libuv
hnakamur,4,libuv
typester,3,libuv
BlueHaunter,3,libuv
qbit,2,libuv
bigeasy,2,libuv
alexcrichton,2,libuv
avalanche123,2,libuv
wankdanker,2,libuv
erikdubbelboer,2,libuv
lhecker,2,libuv
TooTallNate,2,libuv
pquerna,2,libuv
defunctzombie,2,libuv
shimondoodkin,2,libuv
sgallagher,2,libuv
thughes,2,libuv
trondn,2,libuv
dvv,2,libuv
alex,1,libuv
orangemocha,1,libuv
bsnote,1,libuv
apaprocki,1,libuv
ashaffer,1,libuv
arturadib,1,libuv
ahhentz,1,libuv
bennoleslie,1,libuv
bcantrill,1,libuv
CarterA,1,libuv
chrisbank,1,libuv
cjheath,1,libuv
staticfloat,1,libuv
geertj,1,libuv
goffrie,1,libuv
gyohng,1,libuv
ibc,1,libuv
xk,1,libuv
joshthecoder,1,libuv
josh,1,libuv
Keno,1,libuv
lucab,1,libuv
gigi81,1,libuv
marekjelen,1,libuv
mattstevens,1,libuv
msporleder,1,libuv
seishun,1,libuv
nmaier,1,libuv
obastemur,1,libuv
paddybyers,1,libuv
meh,1,libuv
seebees,1,libuv
vanillahsu,1,libuv
shanewholloway,1,libuv
chobie,1,libuv
tfeb,1,libuv
timholy,1,libuv
pH200,1,libuv
tj,1,libuv
tonistiigi,1,libuv
trevnorris,1,libuv
upsuper,1,libuv
mattn,1,libuv
huxingyi,1,libuv
wch,465,httpuv
jcheng5,207,httpuv
hcorrada,9,httpuv
alandipert,7,httpuv
jeroen,7,httpuv
schloerke,4,httpuv
yihui,3,httpuv
LHaferkamp,2,httpuv
MattSandy,2,httpuv
gifi,2,httpuv
atheriel,1,httpuv
rundel,1,httpuv
QuLogic,1,httpuv
sebastian-c,1,httpuv
ZainRizvi,1,httpuv
hadley,1,httpuv
jcoglan,171,faye-websocket-node
nickknissen,2,faye-websocket-node
jcheng5,2,faye-websocket-node
gsoltis,1,faye-websocket-node
majek,1,faye-websocket-node
dangrossman,56,bootstrap-daterangepicker
icdark,5,bootstrap-daterangepicker
lukencode,4,bootstrap-daterangepicker
ansman,4,bootstrap-daterangepicker
adamstrickland,3,bootstrap-daterangepicker
wojcikstefan,2,bootstrap-daterangepicker
asm89,1,bootstrap-daterangepicker
ivanzgb,1,bootstrap-daterangepicker
jennysjogren,1,bootstrap-daterangepicker
mgdodge,1,bootstrap-daterangepicker
rustybailey,1,bootstrap-daterangepicker
wch,1,bootstrap-daterangepicker
coryjamesfisher,1,bootstrap-daterangepicker
wch,1314,ggvis
hadley,813,ggvis
jcheng5,18,ggvis
jjallaire,12,ggvis
aranlunzer,4,ggvis
ijlyttle,3,ggvis
jmcphers,3,ggvis
jimhester,2,ggvis
rpruim,2,ggvis
romainfrancois,2,ggvis
xydrolase,2,ggvis
saurfang,2,ggvis
FvD,1,ggvis
gokceneraslan,1,ggvis
renkun-ken,1,ggvis
lmullen,1,ggvis
lionel-,1,ggvis
Robinlovelace,1,ggvis
scttl,1,ggvis
strepon,1,ggvis
ThomasSiegmund,1,ggvis
beroe,1,ggvis
gjoneski,1,ggvis
jcheng5,19,reactnb
jjallaire,1,reactnb
jcheng5,106,d3heatmap
talgalili,49,d3heatmap
bborgesr,1,d3heatmap
csgillespie,1,d3heatmap
wch,11,shiny-testapp
jcheng5,4,shiny-testapp
jjallaire,263,shinyapps
kippandrew,196,shinyapps
jmcphers,148,shinyapps
kevinushey,78,shinyapps
yihui,10,shinyapps
aronatkins,9,shinyapps
jcheng5,9,shinyapps
trestletech,4,shinyapps
tareefk,2,shinyapps
cbarraford,1,shinyapps
daattali,1,shinyapps
jimhester,1,shinyapps
pkauders,1,shinyapps
wch,1,shinyapps
kevinushey,1099,packrat
jmcphers,121,packrat
jcheng5,67,packrat
jjallaire,60,packrat
aronatkins,24,packrat
akgold,8,packrat
colearendt,8,packrat
schloerke,7,packrat
itsakettle,6,packrat
cderv,5,packrat
javierluraschi,5,packrat
mariamedp,4,packrat
agwells,3,packrat
mdshw5,3,packrat
robertzk,3,packrat
adamrobinson361,2,packrat
bquast,2,packrat
kenahoo,2,packrat
hadley,2,packrat
ras44,2,packrat
shiosai,2,packrat
hollywoof,2,packrat
ankane,1,packrat
kippandrew,1,packrat
shapiromatron,1,packrat
luckyrandom,1,packrat
EDiLD,1,packrat
jimhester,1,packrat
kendonB,1,packrat
krlmlr,1,packrat
raubreywhite,1,packrat
tpalusga,1,packrat
jwg4,1,packrat
trestletech,1,packrat
wch,121,shiny-examples
yihui,108,shiny-examples
jcheng5,71,shiny-examples
schloerke,47,shiny-examples
cpsievert,45,shiny-examples
alandipert,25,shiny-examples
mine-cetinkaya-rundel,24,shiny-examples
garrettgman,21,shiny-examples
trestletech,12,shiny-examples
bborgesr,6,shiny-examples
tmastny,3,shiny-examples
daattali,2,shiny-examples
rich-iannone,2,shiny-examples
aronatkins,1,shiny-examples
bradleeedmondson,1,shiny-examples
gaborcsardi,1,shiny-examples
jjallaire,1,shiny-examples
knbknb,1,shiny-examples
MadhulikaTanuboddi,1,shiny-examples
webbp,1,shiny-examples
micstr,1,shiny-examples
benadida,59,node-client-sessions
lloyd,26,node-client-sessions
seanmonstar,20,node-client-sessions
ozten,5,node-client-sessions
davidben,3,node-client-sessions
fmarier,2,node-client-sessions
cainus,1,node-client-sessions
trestletech,1,node-client-sessions
mmalecki,1,node-client-sessions
pdehaan,1,node-client-sessions
rkhmelichek,1,node-client-sessions
trygve-lie,1,node-client-sessions
yhahn,1,node-client-sessions
trestletech,31,giza
kippandrew,63,rscrypt
bobjansen,7,rscrypt
kevinushey,142,rstudioapi
jjallaire,43,rstudioapi
gtritchie,37,rstudioapi
jmcphers,29,rstudioapi
javierluraschi,26,rstudioapi
hadley,20,rstudioapi
melissa-barca,10,rstudioapi
andrie,8,rstudioapi
MariaSemple,5,rstudioapi
AshesITR,5,rstudioapi
yihui,1,rstudioapi
mutterer,1,rstudioapi
shrektan,1,rstudioapi
trestletech,1,rstudioapi
jjallaire,1469,rmarkdown
yihui,585,rmarkdown
jmcphers,199,rmarkdown
javierluraschi,114,rmarkdown
kevinushey,106,rmarkdown
aronatkins,34,rmarkdown
cderv,29,rmarkdown
rich-iannone,27,rmarkdown
atusy,23,rmarkdown
hadley,22,rmarkdown
jcheng5,17,rmarkdown
wch,13,rmarkdown
kiwiroy,11,rmarkdown
schloerke,7,rmarkdown
zeehio,7,rmarkdown
aoles,6,rmarkdown
robjhyndman,6,rmarkdown
RLesur,5,rmarkdown
trestletech,5,rmarkdown
adunning,4,rmarkdown
cpsievert,4,rmarkdown
jennybc,4,rmarkdown
krlmlr,4,rmarkdown
noamross,4,rmarkdown
jooyoungseo,4,rmarkdown
bearloga,4,rmarkdown
steveharoz,4,rmarkdown
byzheng,4,rmarkdown
cboettig,3,rmarkdown
yutannihilation,3,rmarkdown
sigriston,3,rmarkdown
bquast,2,rmarkdown
Bisaloo,2,rmarkdown
hughjonesd,2,rmarkdown
crsh,2,rmarkdown
haozhu233,2,rmarkdown
coatless,2,rmarkdown
jameslamb,2,rmarkdown
jdblischak,2,rmarkdown
jonathan-g,2,rmarkdown
jmlondon,2,rmarkdown
khughitt,2,rmarkdown
WerthPADOH,2,rmarkdown
shrektan,2,rmarkdown
christophergandrud,2,rmarkdown
mungojam,2,rmarkdown
apreshill,1,rmarkdown
AndreaCirilloAC,1,rmarkdown
arni-magnusson,1,rmarkdown
braverock,1,rmarkdown
tallguyjenks,1,rmarkdown
codetrainee,1,rmarkdown
caesarivs,1,rmarkdown
kiendang,1,rmarkdown
dpprdan,1,rmarkdown
dakep,1,rmarkdown
emilio,1,rmarkdown
inventionate,1,rmarkdown
saurfang,1,rmarkdown
fmichonneau,1,rmarkdown
frederik-elwert,1,rmarkdown
gadenbuie,1,rmarkdown
harrismcgehee,1,rmarkdown
HughParsonage,1,rmarkdown
jamiefolson,1,rmarkdown
jenzopr,1,rmarkdown
jeroen,1,rmarkdown
jimhester,1,rmarkdown
julianre,1,rmarkdown
kjemmett,1,rmarkdown
renkun-ken,1,rmarkdown
panlanfeng,1,rmarkdown
malcolmbarrett,1,rmarkdown
sgrubsmyon,1,rmarkdown
mfherman,1,rmarkdown
maxheld83,1,rmarkdown
npjc,1,rmarkdown
philip-khor,1,rmarkdown
ramnathv,1,rmarkdown
rekado,1,rmarkdown
royfrancis,1,rmarkdown
sebkopf,1,rmarkdown
skranz,1,rmarkdown
skadauke,1,rmarkdown
sje30,1,rmarkdown
ThierryO,1,rmarkdown
remlapmot,1,rmarkdown
yixuan,1,rmarkdown
detule,1,rmarkdown
FvD,1,rmarkdown
ilia-kats,1,rmarkdown
mtorchiano,1,rmarkdown
vttrifonov,1,rmarkdown
llaniewski,1,rmarkdown
jmcphers,4,ace-cpp-autoindent
yihui,173,rticles
jjallaire,147,rticles
hadley,34,rticles
cderv,26,rticles
zkamvar,18,rticles
cboettig,17,rticles
yufree,14,rticles
justsomeone1001,10,rticles
krivit,8,rticles
BlackEdder,7,rticles
carlganz,6,rticles
nuest,6,rticles
dleutnant,5,rticles
espinielli,5,rticles
eliocamp,4,rticles
ThierryO,4,rticles
DunLug,3,rticles
kbroman,3,rticles
sjmgarnier,3,rticles
Emaasit,3,rticles
ellessenne,2,rticles
bquast,2,rticles
dmurdoch,2,rticles
jeanmanguy,2,rticles
katrinleinweber,2,rticles
Ironholds,2,rticles
strakaps,2,rticles
ramnathv,2,rticles
sboysel,2,rticles
RLumSK,2,rticles
dmkaplan2000,2,rticles
swhaat,2,rticles
XiangyunHuang,2,rticles
coatless,2,rticles
aldomann,1,rticles
arfon,1,rticles
beanumber,1,rticles
benmarwick,1,rticles
cwickham,1,rticles
ConorIA,1,rticles
daltonhance,1,rticles
hughjonesd,1,rticles
Selbosh,1,rticles
erichare,1,rticles
haozhu233,1,rticles
JohannesFriedrich,1,rticles
frenchja,1,rticles
jayhesselberth,1,rticles
jennybc,1,rticles
jimvine,1,rticles
muschellij2,1,rticles
malcolmbarrett,1,rticles
desautm,1,rticles
mbojan,1,rticles
nathanweeks,1,rticles
noamross,1,rticles
oguzhanogreden,1,rticles
uvesten,1,rticles
rfhb,1,rticles
rpruim,1,rticles
rcannood,1,rticles
zeehio,1,rticles
ShixiangWang,1,rticles
salauer,1,rticles
TomHardwicke,1,rticles
Freguglia,1,rticles
ZijunH,1,rticles
alexpghayes,1,rticles
heavenzone,1,rticles
oleskiewicz,1,rticles
jeffreyhanson,1,rticles
sql-and-r,1,rticles
tormodb,1,rticles
vwmaus,1,rticles
jjallaire,35,rmdexamples
yihui,22,rmdexamples
bquast,2,rmdexamples
jcheng5,2,rmdexamples
trestletech,1,rmdexamples
jcheng5,119,htmltools
wch,67,htmltools
yihui,32,htmltools
trestletech,29,htmltools
jjallaire,18,htmltools
cpsievert,13,htmltools
schloerke,6,htmltools
jimhester,6,htmltools
matthewstrasiotto,5,htmltools
shrektan,4,htmltools
mkuhn,3,htmltools
atusy,3,htmltools
cderv,2,htmltools
ColinFay,2,htmltools
jmcphers,2,htmltools
daattali,1,htmltools
haozhu233,1,htmltools
dmpe,1,htmltools
nistara,1,htmltools
ramnathv,1,htmltools
hadley,1,htmltools
rekado,1,htmltools
cbarraford,3,vagrant-logplex
cbarraford,22,logplex-cookbook
cbarraford,182,redx
kippandrew,19,redx
jspiewak,8,redx
cbarraford,26,redx-cookbook
jspiewak,2,redx-cookbook
jmcphers,376,rsconnect
jjallaire,346,rsconnect
kippandrew,170,rsconnect
kevinushey,105,rsconnect
mmarchetti,63,rsconnect
aronatkins,55,rsconnect
scottmmjackson,42,rsconnect
trestletech,22,rsconnect
andrie,14,rsconnect
adamconroy,12,rsconnect
slopp,12,rsconnect
akgold,12,rsconnect
yihui,11,rsconnect
ssinnott,11,rsconnect
jcheng5,9,rsconnect
gtritchie,5,rsconnect
cbarraford,3,rsconnect
dethmasque,3,rsconnect
mcbex,3,rsconnect
modernresearch,3,rsconnect
jonyoder,3,rsconnect
schloerke,2,rsconnect
meatballhat,2,rsconnect
ronomal,2,rsconnect
jskress,2,rsconnect
charliejhadley,2,rsconnect
tareefk,2,rsconnect
daattali,1,rsconnect
jeroen,1,rsconnect
jimhester,1,rsconnect
maxheld83,1,rsconnect
pkauders,1,rsconnect
wch,1,rsconnect
dskard,1,rsconnect
hollywoof,1,rsconnect
carneybill,36,webinars
garrettgman,36,webinars
edgararuiz,24,webinars
wch,19,webinars
mine-cetinkaya-rundel,11,webinars
nwstephens,11,webinars
jkr216,9,webinars
kevinushey,9,webinars
javierluraschi,6,webinars
hadley,6,webinars
slopp,6,webinars
blairj09,5,webinars
jcheng5,4,webinars
yihui,4,webinars
trestletech,4,webinars
cpsievert,3,webinars
ajmcoqui,3,webinars
andyofsmeg,2,webinars
jimhester,2,webinars
jennybc,2,webinars
alandipert,1,webinars
etiennebr,1,webinars
gvwilson,1,webinars
jmcphers,1,webinars
knbknb,1,webinars
lionel-,1,webinars
topepo,1,webinars
jthomasmock,1,webinars
alexpghayes,1,webinars
gregswinehart,1,webinars
jspiewak,169,shinyapps-package-dependencies
muschellij2,48,shinyapps-package-dependencies
cbarraford,29,shinyapps-package-dependencies
kippandrew,22,shinyapps-package-dependencies
colearendt,21,shinyapps-package-dependencies
bronsonk0619,14,shinyapps-package-dependencies
RLesur,12,shinyapps-package-dependencies
edzer,7,shinyapps-package-dependencies
jjallaire,6,shinyapps-package-dependencies
jeroen,5,shinyapps-package-dependencies
stevenolen,4,shinyapps-package-dependencies
cpsievert,3,shinyapps-package-dependencies
oganm,3,shinyapps-package-dependencies
mcbex,3,shinyapps-package-dependencies
maxheld83,2,shinyapps-package-dependencies
pyltime,1,shinyapps-package-dependencies
Matt-Brigida,1,shinyapps-package-dependencies
noamross,1,shinyapps-package-dependencies
vjcitn,1,shinyapps-package-dependencies
aoles,1,shinyapps-package-dependencies
ssinnott,1,shinyapps-package-dependencies
jjallaire,429,dygraphs
pshevtsov,61,dygraphs
klaukh,15,dygraphs
jrowen,12,dygraphs
dgromer,11,dygraphs
hdrab127,5,dygraphs
bthieurmel,4,dygraphs
michelk,2,dygraphs
timelyportfolio,2,dygraphs
ntwi,2,dygraphs
danielkrizian,1,dygraphs
renkun-ken,1,dygraphs
mpastell,1,dygraphs
yihui,1,dygraphs
londonrockslive,1,dygraphs
jeffreyhanson,1,dygraphs
jjallaire,75,revealjs
BruceZhaoR,17,revealjs
timelyportfolio,4,revealjs
junkka,3,revealjs
chendaniely,2,revealjs
habi,1,revealjs
gregblomquist,1,revealjs
yutannihilation,1,revealjs
jonmcalder,1,revealjs
JoFrhwld,1,revealjs
mdlerch,1,revealjs
jjallaire,6,libclang-binaries
jjallaire,3,libclang-builtin-headers
hadley,235,gggeom
wch,8,gggeom
ncarchedi,1,gggeom
wch,61,shinybootstrap2
wch,15,shinyBS2demo
garrettgman,22,EDAWR
FvD,1,EDAWR
prosoitos,1,EDAWR
wibeasley,1,EDAWR
wch,250,shinydashboard
bborgesr,47,shinydashboard
dmpe,11,shinydashboard
jcheng5,4,shinydashboard
alandipert,2,shinydashboard
AshesITR,1,shinydashboard
jjallaire,1,shinydashboard
scottmmjackson,1,shinydashboard
garrettgman,3,Intro
jcheng5,359,leaflet
yihui,267,leaflet
schloerke,100,leaflet
bhaskarvk,96,leaflet
timelyportfolio,53,leaflet
bvktc,27,leaflet
leslie-huang,17,leaflet
hadley,16,leaflet
wch,12,leaflet
tim-salabim,5,leaflet
mplourde,4,leaflet
cpsievert,2,leaflet
kent37,2,leaflet
davidkretch,1,leaflet
EdwinTh,1,leaflet
yutannihilation,1,leaflet
jameslamb,1,leaflet
ktmud,1,leaflet
lbraun,1,leaflet
mhines-usgs,1,leaflet
nikolai-b,1,leaflet
pablobernabeu,1,leaflet
richpauloo,1,leaflet
zkamvar,1,leaflet
aoles,1,leaflet
imprompt,1,leaflet
mtennekes,1,leaflet
trestletech,1,leaflet
yihui,783,DT
shrektan,88,DT
jcheng5,34,DT
jjallaire,13,DT
cpsievert,4,DT
carlganz,3,DT
wch,2,DT
galachad,1,DT
alandipert,1,DT
ecortens,1,DT
fbreitwieser,1,DT
gadenbuie,1,DT
gergness,1,DT
glin,1,DT
haozhu233,1,DT
lrasmus,1,DT
mgirlich,1,DT
Mosk915,1,DT
rfhb,1,DT
hafen,1,DT
jarauh,1,DT
IonDen,139,ion.rangeSlider
grimalschi,5,ion.rangeSlider
ncoquelet,3,ion.rangeSlider
adamaveray,2,ion.rangeSlider
aduryagin,2,ion.rangeSlider
novitskiy-aleksei,1,ion.rangeSlider
tenbits,1,ion.rangeSlider
CupIvan,1,ion.rangeSlider
sigmaprojects,1,ion.rangeSlider
Nordth,1,ion.rangeSlider
hernansartorio,1,ion.rangeSlider
jorrit,1,ion.rangeSlider
KyleNeedham,1,ion.rangeSlider
MohammadYounes,1,ion.rangeSlider
nicholascamp,1,ion.rangeSlider
punya,1,ion.rangeSlider
silviocacamo,1,ion.rangeSlider
GaryWilsonJr,1,ion.rangeSlider
KoLogicDev,1,ion.rangeSlider
graingert,1,ion.rangeSlider
decates,1,ion.rangeSlider
lazyants,1,ion.rangeSlider
lionel-bijaoui,1,ion.rangeSlider
oi-sendai,1,ion.rangeSlider
wch,50,shinythemes
cbarraford,14,influxdb_backup
scottmmjackson,1,influxdb_backup
almasaeed2010,65,AdminLTE
seven1m,3,AdminLTE
reinaris,2,AdminLTE
irfanevrens,2,AdminLTE
dieselburner,1,AdminLTE
cdodd,1,AdminLTE
JulienItard,1,AdminLTE
GromNaN,1,AdminLTE
stivyw,1,AdminLTE
TuurDutoit,1,AdminLTE
alexishida,1,AdminLTE
jbouzekri,1,AdminLTE
rdutra,1,AdminLTE
toooni,1,AdminLTE
vidschofelix,1,AdminLTE
jjallaire,6,manipulate
garrettgman,45,reportsWS
csgillespie,1,reportsWS
dtkaplan,1,reportsWS
andrie,212,sortable
schloerke,154,sortable
timelyportfolio,18,sortable
cderv,1,sortable
kippandrew,28,docker-registry-sweeper
jspiewak,2,docker-registry-sweeper
trestletech,282,plumber
schloerke,109,plumber
meztez,20,plumber
FvD,10,plumber
blairj09,6,plumber
antoine-sachet,4,plumber
shrektan,4,plumber
sambaala,2,plumber
muschellij2,2,plumber
shapenaji,2,plumber
atheriel,1,plumber
chris-dudley,1,plumber
etiennebr,1,plumber
gtritchie,1,plumber
yutannihilation,1,plumber
mhairi,1,plumber
pachamaltese,1,plumber
robertdj,1,plumber
scottmmjackson,1,plumber
slopp,1,plumber
mtoto,1,plumber
thiyagu-p,1,plumber
TylerGrantSmith,1,plumber
vfulco,1,plumber
lefec,1,plumber
svdwoude,1,plumber
garrettgman,1,shiny-tutorial-videos
garrettgman,3,ambassador-webinar
Rush,20,node-authenticate-pam
jcheng5,2,node-authenticate-pam
pa-gerrit,1,node-authenticate-pam
srossross,1,node-authenticate-pam
garrettgman,2,expert
wch,392,profvis
javierluraschi,100,profvis
jcheng5,10,profvis
tmastny,7,profvis
krlmlr,5,profvis
jimhester,4,profvis
schloerke,4,profvis
jjallaire,2,profvis
lionel-,2,profvis
kevinushey,1,profvis
yihui,3,htmllayout
jcheng5,139,crosstalk
wch,6,crosstalk
cpsievert,6,crosstalk
dmurdoch,3,crosstalk
vladsaveliev,2,crosstalk
jbkunst,1,crosstalk
kent37,1,crosstalk
garrettgman,3,flights2
yihui,1326,bookdown
jjallaire,54,bookdown
cderv,22,bookdown
dataopt,7,bookdown
atusy,6,bookdown
jooyoungseo,4,bookdown
WeeBeasties,3,bookdown
daattali,3,bookdown
jtr13,3,bookdown
dshuman1,2,bookdown
ellisvalentiner,2,bookdown
krlmlr,2,bookdown
rstub,2,bookdown
ThierryO,2,bookdown
dongzhuoer,2,bookdown
shenfei,2,bookdown
haozhu233,2,bookdown
RLesur,2,bookdown
flyaflya,1,bookdown
rudeboybert,1,bookdown
samuel-rosa,1,bookdown
apreshill,1,bookdown
aoles,1,bookdown
AshesITR,1,bookdown
bquast,1,bookdown
benmarwick,1,bookdown
bernd-steinert-itc,1,bookdown
ismayc,1,bookdown
tzerk,1,bookdown
EconomiCurtis,1,bookdown
Emaasit,1,bookdown
atyre2,1,bookdown
espinielli,1,bookdown
crsh,1,bookdown
hadley,1,bookdown
Bisaloo,1,bookdown
jar1karp,1,bookdown
jrnold,1,bookdown
jimhester,1,bookdown
bblodfon,1,bookdown
jonathan-g,1,bookdown
jmcphers,1,bookdown
jtbayly,1,bookdown
kevinrue,1,bookdown
kevinushey,1,bookdown
zedoul,1,bookdown
larskotthoff,1,bookdown
lorenzwalthert,1,bookdown
lselzer,1,bookdown
markhymers,1,bookdown
ms609,1,bookdown
mdlincoln,1,bookdown
mnazarov,1,bookdown
maxheld83,1,bookdown
sachsmc,1,bookdown
mbojan,1,bookdown
WerthPADOH,1,bookdown
njbart,1,bookdown
noamross,1,bookdown
PeteHaitch,1,bookdown
rblades,1,bookdown
Robinlovelace,1,bookdown
sahirbhatnagar,1,bookdown
salim-b,1,bookdown
data-steve,1,bookdown
vfulco,1,bookdown
yixuan,1,bookdown
notZaki,1,bookdown
bubifengyun,1,bookdown
dmurdoch,1,bookdown
FvD,1,bookdown
fyears,1,bookdown
helmingstay,1,bookdown
hugohomem,1,bookdown
mlamias,1,bookdown
trestletech,1,bookdown
yasirs,1,bookdown
jcheng5,23,shinygadgets
yihui,66,bookdown-demo
jjallaire,3,bookdown-demo
qurben,1,bookdown-demo
LiNk-NY,1,bookdown-demo
charliejhadley,1,bookdown-demo
ms609,1,bookdown-demo
philomonk,1,bookdown-demo
soleo,1,bookdown-demo
kevinushey,36,addinexamples
jjallaire,6,addinexamples
jcheng5,2,addinexamples
jjallaire,26,rstudioaddins
kevinushey,7,rstudioaddins
erictleung,2,rstudioaddins
jcheng5,1,rstudioaddins
yutannihilation,1,rstudioaddins
slopp,2,MyDemo
jcheng5,48,miniUI
jjallaire,1,miniUI
dkilfoyle,1,miniUI
yihui,135,tufte
cderv,4,tufte
aoles,2,tufte
1beb,1,tufte
dfeng,1,tufte
FvD,1,tufte
jonathan-g,1,tufte
lmullen,1,tufte
MajoroMask,1,tufte
grimbough,1,tufte
josch,1,tufte
stefanfritsch,1,tufte
nwstephens,14,sol-eng-public
dfalty,1,sol-eng-public
jcheng5,3,reactivity-tutorial
jjallaire,7,rmarkdown-website
jjallaire,554,flexdashboard
schloerke,5,flexdashboard
bborgesr,3,flexdashboard
dpprdan,2,flexdashboard
yogat3ch,2,flexdashboard
jmuhlich,1,flexdashboard
jcheng5,1,flexdashboard
yihui,1,flexdashboard
jcheng5,79,shiny-server-client
jonyoder,10,shiny-server-client
aronatkins,5,shiny-server-client
scottmmjackson,3,shiny-server-client
trestletech,3,shiny-server-client
joncfoo,2,shiny-server-client
garrettgman,7,RRRRMarkdown
garrettgman,3,IntroToShiny
jcheng5,3,system2.5
garrettgman,3,RQuickstart
garrettgman,3,RMarkdownReports
jjallaire,6,rmarkdown-website-examples
garrettgman,6,ShinyDeveloperConference
jcheng5,1,ShinyDeveloperConference
garrettgman,39,RStartHere
seankross,2,RStartHere
csgillespie,1,RStartHere
Emaasit,1,RStartHere
jaredlander,1,RStartHere
Miachol,1,RStartHere
joelgombin,1,RStartHere
jbkunst,1,RStartHere
Tsai1993,1,RStartHere
koaning,1,RStartHere
wjjung317,1,RStartHere
daj025,7,RxODE
wwang-at-github,5,RxODE
hallowkm,2,RxODE
bborgesr,105,pool
jcheng5,23,pool
wch,8,pool
hadley,5,pool
yupimaki,2,pool
renkun-ken,1,pool
nwstephens,1,pool
caewok,1,pool
pnacht,1,pool
jjallaire,50,config
kevinykuo,5,config
jimhester,1,config
shrektan,1,config
jjallaire,166,spark.rstudio.com
edgararuiz,138,spark.rstudio.com
javierluraschi,27,spark.rstudio.com
blairj09,25,spark.rstudio.com
trestletech,20,spark.rstudio.com
kevinushey,17,spark.rstudio.com
nwstephens,15,spark.rstudio.com
garrettgman,6,spark.rstudio.com
yitao-li,6,spark.rstudio.com
slopp,4,spark.rstudio.com
ledell,3,spark.rstudio.com
navdeep-G,2,spark.rstudio.com
AlexIoannides,1,spark.rstudio.com
andrie,1,spark.rstudio.com
danielfrg,1,spark.rstudio.com
katrinleinweber,1,spark.rstudio.com
kellobri,1,spark.rstudio.com
sarahemlin,1,spark.rstudio.com
jjallaire,61,sparkapi
javierluraschi,46,sparkapi
dselivanov,1,sparkapi
MarcinKosinski,1,sparkapi
lepennec,1,sparkapi
garrettgman,19,Strata2016
nwstephens,8,Strata2016
nwstephens,45,sparkDemos
slopp,18,sparkDemos
stevenolen,11,sparkDemos
edgararuiz,3,sparkDemos
fereshtehRS,1,sparkDemos
coderanger,44,supervisor
jtimberman,19,supervisor
cjerdonek,13,supervisor
sethvargo,9,supervisor
jsh2134,6,supervisor
mal,5,supervisor
gilles,4,supervisor
tejaycar,4,supervisor
alambike,3,supervisor
rcastane,2,supervisor
makmanalp,2,supervisor
lehrblogger,2,supervisor
streeter,2,supervisor
AaronO,1,supervisor
alexdeleon,1,supervisor
madjar,1,supervisor
mattupstate,1,supervisor
pelletiermaxime,1,supervisor
BackSlasher,1,supervisor
paulschwarz,1,supervisor
ranjib,1,supervisor
robsonpeixoto,1,supervisor
stevendanna,1,supervisor
toritori0318,1,supervisor
gaborcsardi,97,webdriver
wch,92,webdriver
jjallaire,1009,tensorflow
dfalbel,118,tensorflow
javierluraschi,46,tensorflow
terrytangyuan,46,tensorflow
goldingn,30,tensorflow
t-kalinowski,26,tensorflow
kevinushey,25,tensorflow
skeydan,25,tensorflow
jimhester,7,tensorflow
eddelbuettel,4,tensorflow
danklotz,2,tensorflow
jcrodriguez1989,2,tensorflow
DanielMedinaStacey,1,tensorflow
FvD,1,tensorflow
cortinah,1,tensorflow
jsta,1,tensorflow
kmader,1,tensorflow
nakamichiworks,1,tensorflow
alexanderbeatson,1,tensorflow
kevinykuo,1,tensorflow
lorenzomoriconi,1,tensorflow
unrahul,1,tensorflow
wch,537,shinytest
gaborcsardi,104,shinytest
hadley,47,shinytest
cpsievert,40,shinytest
trestletech,25,shinytest
javierluraschi,7,shinytest
wfjvdham,5,shinytest
daattali,4,shinytest
slopp,4,shinytest
schloerke,4,shinytest
rpodcast,3,shinytest
farrjere,2,shinytest
akgold,1,shinytest
AlexandraKapp,1,shinytest
cderv,1,shinytest
FerandDalatieh,1,shinytest
jcheng5,1,shinytest
jmcphers,1,shinytest
krlmlr,1,shinytest
mpaulacaldas,1,shinytest
octaviancorlade,1,shinytest
stevenolen,4,chef-spark
jjallaire,538,learnr
schloerke,163,learnr
robbyshaver,40,learnr
kevinushey,36,learnr
trestletech,19,learnr
bborgesr,11,learnr
angela-li,8,learnr
andrie,7,learnr
cpsievert,5,learnr
nischalshrestha,5,learnr
wch,4,learnr
gvwilson,3,learnr
isteves,3,learnr
adamblake,2,learnr
jcheng5,2,learnr
yihui,2,learnr
garrettgman,2,learnr
ColinFay,1,learnr
dpastoor,1,learnr
haozhu233,1,learnr
bjornerstedt,1,learnr
krlmlr,1,learnr
lwjohnst86,1,learnr
mine-cetinkaya-rundel,1,learnr
stragu,1,learnr
braunsb,1,learnr
yihui,943,blogdown
cderv,9,blogdown
ProQuestionAsker,5,blogdown
apreshill,5,blogdown
lcolladotor,4,blogdown
BarkleyBG,3,blogdown
gadenbuie,3,blogdown
yutannihilation,3,blogdown
tcgriffith,3,blogdown
novica,3,blogdown
rpodcast,2,blogdown
maelle,2,blogdown
rgaiacs,2,blogdown
salim-b,2,blogdown
kevinushey,2,blogdown
samuel-rosa,1,blogdown
Bakaniko,1,blogdown
tomatoiscoding,1,blogdown
bgreenwell,1,blogdown
DeependraD,1,blogdown
saurfang,1,blogdown
ijlyttle,1,blogdown
jjallaire,1,blogdown
chrisjake,1,blogdown
coatless,1,blogdown
jonmcalder,1,blogdown
jozefhajnala,1,blogdown
docmanny,1,blogdown
mpaulacaldas,1,blogdown
m4xl1n,1,blogdown
njtierney,1,blogdown
njbart,1,blogdown
pablobernabeu,1,blogdown
peterfoley,1,blogdown
rsangole,1,blogdown
rorynolan,1,blogdown
tteo,1,blogdown
thanosgatos,1,blogdown
timtrice,1,blogdown
tcwilkinson,1,blogdown
shrektan,1,blogdown
yimingli,1,blogdown
Yue-Jiang,1,blogdown
dongzhuoer,1,blogdown
slopp,3,CustomerSuccessWebinars
jewlofthelotus,121,SlickQuiz
cxelegance,8,SlickQuiz
danjordan,4,SlickQuiz
jjallaire,4,SlickQuiz
Aybee,3,SlickQuiz
nfreear,3,SlickQuiz
tom-novologic,2,SlickQuiz
apierr,1,SlickQuiz
georgeh,1,SlickQuiz
joejansen,1,SlickQuiz
PhilKershaw,1,SlickQuiz
solecism,1,SlickQuiz
slopp,41,seamonster
blairj09,25,seamonster
nwstephens,21,seamonster
edgararuiz,4,seamonster
andrie,2,seamonster
kevinushey,2,ptexamples
garrettgman,270,cheatsheets
FvD,8,cheatsheets
andrie,7,cheatsheets
jlugarrancho,7,cheatsheets
echasnovski,7,cheatsheets
barcaroli,6,cheatsheets
mpelleau,6,cheatsheets
jtelleria,5,cheatsheets
batpigandme,5,cheatsheets
stefan-mueller,5,cheatsheets
epetrovski,5,cheatsheets
dickoa,3,cheatsheets
coforfe,3,cheatsheets
DaniPrina,3,cheatsheets
javierluraschi,3,cheatsheets
edgararuiz,3,cheatsheets
statkclee,3,cheatsheets
AmeliaMN,2,cheatsheets
flor14,2,cheatsheets
math-and-data,2,cheatsheets
IanKopacka,2,cheatsheets
jtelleriar,2,cheatsheets
kleanthisk10,2,cheatsheets
nbarrowman,2,cheatsheets
paocorrales,2,cheatsheets
pbiecek,2,cheatsheets
ramiromagno,2,cheatsheets
RaphaelS1,2,cheatsheets
rivaquiroga,2,cheatsheets
ryangarnett,2,cheatsheets
yabellini,2,cheatsheets
jangorecki,2,cheatsheets
monialo2000,2,cheatsheets
taoruicn,2,cheatsheets
harryprince,1,cheatsheets
JFormoso,1,cheatsheets
larmarange,1,cheatsheets
palolili23,1,cheatsheets
lauracion,1,cheatsheets
prosoitos,1,cheatsheets
MartinKies,1,cheatsheets
topepo,1,cheatsheets
mine-cetinkaya-rundel,1,cheatsheets
rCarto,1,cheatsheets
VanesaMaribel,1,cheatsheets
violetr,1,cheatsheets
adisarid,1,cheatsheets
anguyen1210,1,cheatsheets
anhhd,1,cheatsheets
ardeeshany,1,cheatsheets
caromengoni,1,cheatsheets
fbriody,1,cheatsheets
EconomiCurtis,53,rstudio-conf
carneybill,25,rstudio-conf
ajmcoqui,12,rstudio-conf
slopp,10,rstudio-conf
jmcphers,9,rstudio-conf
mine-cetinkaya-rundel,6,rstudio-conf
EconimiCurtis,5,rstudio-conf
batpigandme,5,rstudio-conf
yihui,5,rstudio-conf
topepo,4,rstudio-conf
agberg,4,rstudio-conf
javierluraschi,3,rstudio-conf
olgapierce,3,rstudio-conf
wch,3,rstudio-conf
aronatkins,2,rstudio-conf
ijlyttle,2,rstudio-conf
CerebralMastication,2,rstudio-conf
jimhester,2,rstudio-conf
jcheng5,2,rstudio-conf
emilyriederer,2,rstudio-conf
adambanker,1,rstudio-conf
atroiano,1,rstudio-conf
stenhaug,1,rstudio-conf
bhaskarvk,1,rstudio-conf
cdhowe,1,rstudio-conf
ledbettc,1,rstudio-conf
cpsievert,1,rstudio-conf
cderv,1,rstudio-conf
ColinFay,1,rstudio-conf
danichusfu,1,rstudio-conf
dfalbel,1,rstudio-conf
dgrtwo,1,rstudio-conf
revodavid,1,rstudio-conf
paleolimbot,1,rstudio-conf
eamcvey,1,rstudio-conf
rpodcast,1,rstudio-conf
karaesmen,1,rstudio-conf
garrettgman,1,rstudio-conf
daroczig,1,rstudio-conf
nachti,1,rstudio-conf
GShotwell,1,rstudio-conf
gracelawley,1,rstudio-conf
hsteinberg,1,rstudio-conf
wjakethompson,1,rstudio-conf
blairj09,1,rstudio-conf
jameslairdsmith,1,rstudio-conf
k8hertweck,1,rstudio-conf
katherinesimeon,1,rstudio-conf
kevinushey,1,rstudio-conf
swmpkim,1,rstudio-conf
lionel-,1,rstudio-conf
malcolmbarrett,1,rstudio-conf
tereom,1,rstudio-conf
matthewravery,1,rstudio-conf
nealrichardson,1,rstudio-conf
thereseanders,1,rstudio-conf
hadley,1,rstudio-conf
ismayc,1,rstudio-conf
jsdelivrbot,1,rstudio-conf
kmasiello,1,rstudio-conf
nwstephens,1,rstudio-conf
roninsightrx,1,rstudio-conf
trestletech,1,rstudio-conf
terrytangyuan,502,tfestimators
jjallaire,191,tfestimators
kevinykuo,130,tfestimators
kevinushey,129,tfestimators
javierluraschi,12,tfestimators
dfalbel,4,tfestimators
skeydan,3,tfestimators
jjallaire,1440,keras
dfalbel,443,keras
skeydan,103,keras
javierluraschi,90,keras
ChristopherSparling,19,keras
henry090,16,keras
Ax3man,7,keras
kevinykuo,7,keras
atroiano,6,keras
statist-bhfz,5,keras
topepo,5,keras
rajshah4,4,keras
t-kalinowski,3,keras
edoffagne,2,keras
kashif,2,keras
brianrice2,2,keras
terrytangyuan,2,keras
ax42,1,keras
andrie,1,keras
Cdk29,1,keras
davechilders,1,keras
DavidArenburg,1,keras
eddelbuettel,1,keras
gdequeiroz,1,keras
gsteinbu,1,keras
JamesAllingham,1,keras
ifrit98,1,keras
jspiewak,1,keras
JanLauGe,1,keras
jemus42,1,keras
martinstuder,1,keras
pitakakariki,1,keras
edward22,1,keras
muschellij2,1,keras
rsangole,1,keras
sarahemlin,1,keras
jjallaire,1367,reticulate
kevinushey,544,reticulate
terrytangyuan,113,reticulate
dfalbel,38,reticulate
skeydan,28,reticulate
goldingn,18,reticulate
flying-sheep,13,reticulate
javierluraschi,10,reticulate
bhaskarvk,9,reticulate
bwlewis,8,reticulate
jimhester,7,reticulate
scottgigante,5,reticulate
viebrix,5,reticulate
eddelbuettel,4,reticulate
jtilly,4,reticulate
gidden,4,reticulate
mikajoh,4,reticulate
Marlin-Na,3,reticulate
cderv,2,reticulate
lgautier,2,reticulate
randy3k,2,reticulate
flyaflya,1,reticulate
AliciaSchep,1,reticulate
benmarwick,1,reticulate
prihoda,1,reticulate
QuLogic,1,reticulate
iambaim,1,reticulate
j450h1,1,reticulate
karawoo,1,reticulate
lstmemery,1,reticulate
nealrichardson,1,reticulate
nmjakobsen,1,reticulate
Ironholds,1,reticulate
rossholmberg,1,reticulate
russellpierce,1,reticulate
nadiahalidi,1,reticulate
hsm207,1,reticulate
kevinykuo,1,reticulate
paulofelipe,1,reticulate
seankross,1,reticulate
alandipert,257,shinyloadtest
schloerke,90,shinyloadtest
slopp,71,shinyloadtest
bborgesr,22,shinyloadtest
wch,5,shinyloadtest
jcheng5,4,shinyloadtest
ajwtech,3,shinyloadtest
rpodcast,1,shinyloadtest
kota7,1,shinyloadtest
ColinFay,1,shinyloadtest
javierluraschi,442,cloudml
jjallaire,398,cloudml
kevinushey,155,cloudml
dfalbel,20,cloudml
slopp,8,cloudml
andrie,7,cloudml
irudnyts,3,cloudml
fmannhardt,1,cloudml
medewitt,1,cloudml
grahamrp,1,cloudml
slopp,36,meetup_roadshow
nwstephens,18,meetup_roadshow
edgararuiz,3,meetup_roadshow
stephlocke,2,meetup_roadshow
edgararuiz,223,db.rstudio.com
blairj09,12,db.rstudio.com
yihui,11,db.rstudio.com
ajmcoqui,4,db.rstudio.com
cderv,3,db.rstudio.com
slopp,3,db.rstudio.com
colearendt,2,db.rstudio.com
nwstephens,2,db.rstudio.com
coatless,2,db.rstudio.com
akgold,1,db.rstudio.com
jspiewak,1,db.rstudio.com
mungojam,1,db.rstudio.com
markderry,1,db.rstudio.com
hadley,1,db.rstudio.com
sarahemlin,1,db.rstudio.com
jcheng5,100,promises
wch,16,promises
yihui,2,promises
cderv,1,promises
rpodcast,1,promises
HenrikBengtsson,1,promises
priestjim,102,chef-openresty
sdelano,7,chef-openresty
keen99,3,chef-openresty
hrak,2,chef-openresty
mattupstate,2,chef-openresty
ryansch,2,chef-openresty
ton31337,2,chef-openresty
GUI,2,chef-openresty
alefebvre-ls,1,chef-openresty
erichelgeson,1,chef-openresty
gregkare,1,chef-openresty
kuberkaul,1,chef-openresty
spajus,1,chef-openresty
ledgr,1,chef-openresty
Tyriar,3815,xterm.js
jerch,792,xterm.js
parisk,485,xterm.js
chjj,61,xterm.js
npezza93,58,xterm.js
dependabot-preview[bot],48,xterm.js
nikonso,48,xterm.js
FGasper,47,xterm.js
JavaCS3,45,xterm.js
bgw,38,xterm.js
jmbockhorst,35,xterm.js
alexr00,25,xterm.js
TDaglis,25,xterm.js
lramos15,18,xterm.js
saamalik,18,xterm.js
PerBothner,17,xterm.js
mofux,17,xterm.js
akalipetis,16,xterm.js
AndrienkoAleksandr,16,xterm.js
kumaran-14,15,xterm.js
leomoty,13,xterm.js
peacefullatom,12,xterm.js
ntchjb,12,xterm.js
epicfaace,10,xterm.js
LabhanshAgrawal,10,xterm.js
blink1073,10,xterm.js
rishab-pdx,8,xterm.js
whydoubt,7,xterm.js
juancampa,7,xterm.js
LucianBuzzo,7,xterm.js
vincentwoo,7,xterm.js
alberto,7,xterm.js
dcylabs,7,xterm.js
chabou,6,xterm.js
princjef,6,xterm.js
joaomoreno,6,xterm.js
7PH,6,xterm.js
vsinha,5,xterm.js
tmyt,5,xterm.js
dependabot[bot],5,xterm.js
miggs125,5,xterm.js
amejia1,4,xterm.js
staticfloat,4,xterm.js
nojvek,4,xterm.js
pengx17,4,xterm.js
mentos1386,4,xterm.js
ayapi,4,xterm.js
coderaiser,4,xterm.js
noamyogev84,4,xterm.js
agurodriguez,3,xterm.js
cherouvim,3,xterm.js
JeffreyCA,3,xterm.js
linrock,3,xterm.js
LinusU,3,xterm.js
starpit,3,xterm.js
pfitzseb,3,xterm.js
ShahzadUmair,3,xterm.js
vadim-termius,3,xterm.js
yuvipanda,3,xterm.js
ficristo,3,xterm.js
gou4shi1,3,xterm.js
hiro-su,3,xterm.js
ivanwonder,3,xterm.js
jrkong,3,xterm.js
felixse,3,xterm.js
deviantony,2,xterm.js
meefik,2,xterm.js
astefanutti,2,xterm.js
aus,2,xterm.js
BenHall,2,xterm.js
billchurch,2,xterm.js
csurquin,2,xterm.js
risacher,2,xterm.js
exsilium,2,xterm.js
glneto,2,xterm.js
jdanyow,2,xterm.js
JesseStolwijk,2,xterm.js
jonaustin,2,xterm.js
JonKohler,2,xterm.js
maxhora,2,xterm.js
mikesir87,2,xterm.js
ricktbaker,2,xterm.js
slel,2,xterm.js
saswatds,2,xterm.js
UziTech,2,xterm.js
TylerJewell,2,xterm.js
thefallentree,2,xterm.js
iMoses,2,xterm.js
tmpfs,2,xterm.js
roottool,2,xterm.js
runarberg,2,xterm.js
Lixire,2,xterm.js
liuzheng,2,xterm.js
Eugeny,2,xterm.js
roke22,2,xterm.js
vladimirze,2,xterm.js
ColdGrub1384,1,xterm.js
ahtshamraziq,1,xterm.js
odino,1,xterm.js
noseglid,1,xterm.js
AlexandrePetit-Pas,1,xterm.js
alex-kovoy,1,xterm.js
AndrewSverdrup,1,xterm.js
anishathalye,1,xterm.js
yurovant,1,xterm.js
changfenxia,1,xterm.js
asadm,1,xterm.js
angerson,1,xterm.js
bfis,1,xterm.js
thebradbain,1,xterm.js
flybayer,1,xterm.js
wavebeem,1,xterm.js
qwefgh90,1,xterm.js
budde377,1,xterm.js
chrmarti,1,xterm.js
damz,1,xterm.js
jdanbrown,1,xterm.js
ZoeyR,1,xterm.js
freebroccolo,1,xterm.js
flumm,1,xterm.js
andfoy,1,xterm.js
eamodio,1,xterm.js
dividuum,1,xterm.js
gtritchie,1,xterm.js
hindol,1,xterm.js
ianlewis,1,xterm.js
InDieTasten,1,xterm.js
jgillich,1,xterm.js
jkuri,1,xterm.js
jflatow,1,xterm.js
chani,1,xterm.js
jeffbaier,1,xterm.js
nebulade,1,xterm.js
JoshuaKGoldberg,1,xterm.js
jluk,1,xterm.js
jsmecham,1,xterm.js
NizamLZ,1,xterm.js
lanwen,1,xterm.js
ledbit,1,xterm.js
lucat1,1,xterm.js
LukasDrgon,1,xterm.js
lgeiger,1,xterm.js
marcdumais-work,1,xterm.js
mareklibra,1,xterm.js
markus-oberhumer,1,xterm.js
Martin1994,1,xterm.js
martin31821,1,xterm.js
MartinWangIBM,1,xterm.js
mjbvz,1,xterm.js
matthew-matvei,1,xterm.js
arcanis,1,xterm.js
VivaLosDoyers,1,xterm.js
NickShaffner,1,xterm.js
warpdesign,1,xterm.js
skyway777,1,xterm.js
shroudedcode,1,xterm.js
phillc,1,xterm.js
skprabhanjan,1,xterm.js
revanthmahesh,1,xterm.js
theflyingape,1,xterm.js
saisandeepvaddi,1,xterm.js
ioquatix,1,xterm.js
saulcosta,1,xterm.js
skavanagh,1,xterm.js
segevfiner,1,xterm.js
drauggres,1,xterm.js
huashengdun,1,xterm.js
tsl0922,1,xterm.js
stkvrs,1,xterm.js
sdegutis,1,xterm.js
sfx101,1,xterm.js
svenstaro,1,xterm.js
syrusakbary,1,xterm.js
elisescu,1,xterm.js
kafeg,1,xterm.js
zxdong262,1,xterm.js
zwhitchcox,1,xterm.js
azure-pipelines[bot],1,xterm.js
bottleofwater,1,xterm.js
cubiclesoft,1,xterm.js
johnpoth,1,xterm.js
lunaroyster,1,xterm.js
robins1212,1,xterm.js
sitzmar,1,xterm.js
stuicey,1,xterm.js
turtle0x1,1,xterm.js
sindresorhus,17,ansi-regex
Qix-,5,ansi-regex
arjunmehta,1,ansi-regex
kevva,1,ansi-regex
javierluraschi,82,spark-install
kevinykuo,5,spark-install
brfealy,2,spark-install
totekp,1,spark-install
drdarshan,1,spark-install
eedeleon,1,spark-install
jtimberman,78,rabbitmq-cookbook
mattray,76,rabbitmq-cookbook
rmoriz,20,rabbitmq-cookbook
jessedavis,16,rabbitmq-cookbook
michaelklishin,12,rabbitmq-cookbook
portertech,11,rabbitmq-cookbook
kramvan1,10,rabbitmq-cookbook
sethcall,10,rabbitmq-cookbook
sethvargo,10,rabbitmq-cookbook
tas50,9,rabbitmq-cookbook
jjasghar,8,rabbitmq-cookbook
dggc,7,rabbitmq-cookbook
b,7,rabbitmq-cookbook
kamaradclimber,6,rabbitmq-cookbook
ruizink,6,rabbitmq-cookbook
cmluciano,6,rabbitmq-cookbook
shortdudey123,5,rabbitmq-cookbook
harlanbarnes,5,rabbitmq-cookbook
bdwyertech,5,rabbitmq-cookbook
dude051,4,rabbitmq-cookbook
sunggun-yu,4,rabbitmq-cookbook
francoisnicholas,3,rabbitmq-cookbook
jakedavis,3,rabbitmq-cookbook
jdrago999,3,rabbitmq-cookbook
vhata,3,rabbitmq-cookbook
cheeseplus,3,rabbitmq-cookbook
jschneiderhan,3,rabbitmq-cookbook
scalp42,2,rabbitmq-cookbook
abecciu,2,rabbitmq-cookbook
nukemberg,2,rabbitmq-cookbook
stensonb,2,rabbitmq-cookbook
claco,2,rabbitmq-cookbook
danielsdeleo,2,rabbitmq-cookbook
farshidce,2,rabbitmq-cookbook
iartarisi,2,rabbitmq-cookbook
jacyzon,2,rabbitmq-cookbook
JonathanTron,2,rabbitmq-cookbook
jperville,2,rabbitmq-cookbook
Fitzsimmons,2,rabbitmq-cookbook
kennonkwok,2,rabbitmq-cookbook
knuckolls,2,rabbitmq-cookbook
nathenharvey,2,rabbitmq-cookbook
StephenKing,2,rabbitmq-cookbook
shunwen,2,rabbitmq-cookbook
kYann,2,rabbitmq-cookbook
bphinney,2,rabbitmq-cookbook
galstrom21,2,rabbitmq-cookbook
OBrienCommaJosh,2,rabbitmq-cookbook
alexpop,1,rabbitmq-cookbook
BasLangenberg,1,rabbitmq-cookbook
btm,1,rabbitmq-cookbook
ccrebolder,1,rabbitmq-cookbook
cvasii,1,rabbitmq-cookbook
dhui,1,rabbitmq-cookbook
dcrosta,1,rabbitmq-cookbook
eldavido,1,rabbitmq-cookbook
dgoradia,1,rabbitmq-cookbook
ehberg,1,rabbitmq-cookbook
frankwis,1,rabbitmq-cookbook
gerr1t,1,rabbitmq-cookbook
Itxaka,1,rabbitmq-cookbook
jaimegildesagredo,1,rabbitmq-cookbook
jklare,1,rabbitmq-cookbook
jemc,1,rabbitmq-cookbook
retr0h,1,rabbitmq-cookbook
RoboticCheese,1,rabbitmq-cookbook
jordant,1,rabbitmq-cookbook
josacar,1,rabbitmq-cookbook
jgonera,1,rabbitmq-cookbook
krtyyy,1,rabbitmq-cookbook
zarry,1,rabbitmq-cookbook
mgreensmith,1,rabbitmq-cookbook
ranjib,1,rabbitmq-cookbook
smford22,1,rabbitmq-cookbook
stevedomin,1,rabbitmq-cookbook
himura,1,rabbitmq-cookbook
thomaspeitz,1,rabbitmq-cookbook
CVTJNII,1,rabbitmq-cookbook
hufman,1,rabbitmq-cookbook
yoshiwaan,1,rabbitmq-cookbook
akadoya,1,rabbitmq-cookbook
narendravd,1,rabbitmq-cookbook
nipe0324,1,rabbitmq-cookbook
ptqa,1,rabbitmq-cookbook
edgararuiz,4,sol-eng-landscape
archaelus,938,logplex
jkvor,468,logplex
voidlock,294,logplex
ferd,118,logplex
technomancy,99,logplex
srid,40,logplex
bgentry,28,logplex
omarkj,27,logplex
apg,16,logplex
ypaq,14,logplex
bigkevmcd,12,logplex
evanmcc,9,logplex
tsloughter,9,logplex
freeformz,7,logplex
heroku-mirror,7,logplex
danp,6,logplex
ricardochimal,2,logplex
appplemac,1,logplex
kiyoto,1,logplex
mikehale,1,logplex
ravipudi,1,logplex
nolman,1,logplex
eiri,1,logplex
yyamano,1,logplex
getong,1,logplex
jorinvo,1,logplex
mkrysiak,1,logplex
colearendt,338,dbtest
edgararuiz,57,dbtest
trestletech,92,apis-plumber
schloerke,12,apis-plumber
vfulco,4,apis-plumber
pachamaltese,3,apis-plumber
dbrrt,2,apis-plumber
kwakuduahc1,2,apis-plumber
abhik1368,1,apis-plumber
ComeBurguburu,1,apis-plumber
rpodcast,1,apis-plumber
FvD,1,apis-plumber
jonmcalder,1,apis-plumber
layik,1,apis-plumber
thalesmello,1,apis-plumber
trinker,1,apis-plumber
shrektan,1,apis-plumber
eaurele,1,apis-plumber
mattcane,1,apis-plumber
wch,11,shiny-test-apps
bborgesr,9,shiny-test-apps
edgararuiz,2,gitdown
garrettgman,15,master-the-tidyverse
jyypma,138,nloptr
eddelbuettel,14,nloptr
jjallaire,396,tfruns
andrie,9,tfruns
lorenzwalthert,9,tfruns
dfalbel,5,tfruns
javierluraschi,5,tfruns
kevinushey,4,tfruns
terrytangyuan,2,tfruns
AndreaPi,1,tfruns
gsteinbu,1,tfruns
irudnyts,1,tfruns
javierluraschi,3,rstudio-connections-example
wch,18,shinytest-ci-example
mbjoseph,1,shinytest-ci-example
wch,14,shinytest-ci-example-multi
coderanger,174,chef-application
jtimberman,80,chef-application
andreacampi,40,chef-application
schisamo,31,chef-application
chrisroberts,5,chef-application
lamont-granquist,5,chef-application
sethvargo,4,chef-application
guilhem,3,chef-application
bmironenko,2,chef-application
erikfrey,2,chef-application
nathenharvey,2,chef-application
cap10morgan,2,chef-application
grantr,2,chef-application
albandiguer,1,chef-application
bfritz,1,chef-application
eczajk1,1,chef-application
kesor,1,chef-application
iafonov,1,chef-application
jcoleman,1,chef-application
jschneiderhan,1,chef-application
jregeimbal,1,chef-application
josephholsten,1,chef-application
kevinreedy,1,chef-application
ezotrank,1,chef-application
tojofo,1,chef-application
hungryblank,1,chef-application
rich-iannone,1116,blastula
jcheng5,47,blastula
vfulco,2,blastula
Alternikaner,1,blastula
merlinoa,1,blastula
emilyriederer,1,blastula
fmichonneau,1,blastula
jonmcalder,1,blastula
salim-b,1,blastula
alandipert,66,proxyrec
slopp,24,proxyrec
jcheng5,20,proxyrec
bborgesr,9,proxyrec
jcoglan,308,websocket-driver-node
glasser,4,websocket-driver-node
heyvito,4,websocket-driver-node
gsoltis,1,websocket-driver-node
Zarel,1,websocket-driver-node
majek,1,websocket-driver-node
garrettgman,3,master-the-tidyverse-solutions
javierluraschi,355,tfdeploy
dfalbel,23,tfdeploy
jjallaire,23,tfdeploy
edgararuiz,1,tfdeploy
slopp,1,tfdeploy
jjallaire,249,tfdatasets
dfalbel,223,tfdatasets
skeydan,28,tfdatasets
javierluraschi,3,tfdatasets
terrytangyuan,3,tfdatasets
ericricky,1,tfdatasets
schloerke,39,swagger
javierluraschi,17,swagger
meztez,1,swagger
dselivanov,1,swagger
ferd,5,batchio
jjallaire,30,keras-customer-churn
charlie86,12,keras-customer-churn
mdancho84,3,keras-customer-churn
SaJaToGu,2,keras-customer-churn
dfalbel,1,keras-customer-churn
edgararuiz,96,bigdataclass
blairj09,19,bigdataclass
colearendt,12,bigdataclass
cderv,5,bigdataclass
dr-harper,1,bigdataclass
mkirzon,1,bigdataclass
javierluraschi,53,kerasjs
jtrecenti,2,kerasjs
yihui,128,rmarkdown-book
dr-harper,5,rmarkdown-book
asimumba,4,rmarkdown-book
petzi53,4,rmarkdown-book
dongzhuoer,4,rmarkdown-book
salim-b,3,rmarkdown-book
RaymondBalise,2,rmarkdown-book
robitalec,1,rmarkdown-book
aj2duncan,1,rmarkdown-book
bcrossman,1,rmarkdown-book
cderv,1,rmarkdown-book
ColinFay,1,rmarkdown-book
CyrusYip,1,rmarkdown-book
dcossyleon,1,rmarkdown-book
federicomarini,1,rmarkdown-book
gvwilson,1,rmarkdown-book
isteves,1,rmarkdown-book
jemus42,1,rmarkdown-book
desautm,1,rmarkdown-book
nathaneastwood,1,rmarkdown-book
riccardoporreca,1,rmarkdown-book
zkamvar,1,rmarkdown-book
mirca,1,rmarkdown-book
sixvable,1,rmarkdown-book
wch,102,websocket
alandipert,65,websocket
jcheng5,24,websocket
schloerke,15,websocket
bborgesr,10,websocket
trestletech,10,websocket
mcavage,185,node-ldapjs
pfmooney,129,node-ldapjs
trentm,10,node-ldapjs
kusor,10,node-ldapjs
athoune,6,node-ldapjs
evanshortiss,3,node-ldapjs
tmuellerleile,3,node-ldapjs
qvicksilver,3,node-ldapjs
cbaker118,2,node-ldapjs
morphar,2,node-ldapjs
gfhuertac,2,node-ldapjs
instanceof,2,node-ldapjs
joewalnes,2,node-ldapjs
madarche,2,node-ldapjs
nrogers,2,node-ldapjs
alexwhitman,1,node-ldapjs
ozten,1,node-ldapjs
chrisbroome,1,node-ldapjs
melloc,1,node-ldapjs
wdouglascampbell,1,node-ldapjs
dozoisch,1,node-ldapjs
japel,1,node-ldapjs
gudatcomputers,1,node-ldapjs
jasonpincin,1,node-ldapjs
japj,1,node-ldapjs
jcheng5,1,node-ldapjs
jfromaniello,1,node-ldapjs
thekvn,1,node-ldapjs
KylePDavis,1,node-ldapjs
lloyd,1,node-ldapjs
msimerson,1,node-ldapjs
sastan,1,node-ldapjs
vincentvanderweele,1,node-ldapjs
Xotl,1,node-ldapjs
kevinykuo,105,mleap
javierluraschi,1,mleap
rich-iannone,2338,gt
jcheng5,11,gt
schloerke,2,gt
garthtarr,1,gt
gracelawley,1,gt
hadley,1,gt
jspiewak,1,gt
batpigandme,1,gt
charliejhadley,1,gt
actuarialvoodoo,1,gt
davidkane9,1,gt
javierluraschi,286,r2d3
jjallaire,136,r2d3
edgararuiz,4,r2d3
rvg02010,2,r2d3
alexvpickering,1,r2d3
jimhester,1,r2d3
nstrayer,1,r2d3
shrektan,1,r2d3
kevinykuo,75,graphframes
javierluraschi,2,graphframes
mmarchetti,380,rsconnect-jupyter
scottmmjackson,117,rsconnect-jupyter
joncfoo,90,rsconnect-jupyter
meatballhat,54,rsconnect-jupyter
jskress,26,rsconnect-jupyter
dethmasque,6,rsconnect-jupyter
colearendt,3,rsconnect-jupyter
kgartland-rstudio,3,rsconnect-jupyter
dskard,1,rsconnect-jupyter
carneybill,53,hex-stickers
hadley,34,hex-stickers
schloerke,15,hex-stickers
gregswinehart,12,hex-stickers
topepo,7,hex-stickers
apreshill,5,hex-stickers
blairj09,4,hex-stickers
mine-cetinkaya-rundel,3,hex-stickers
thomasp85,3,hex-stickers
EconomiCurtis,2,hex-stickers
javierluraschi,2,hex-stickers
veeps,2,hex-stickers
allisonhorst,1,hex-stickers
andrie,1,hex-stickers
dgabbe,1,hex-stickers
DavisVaughan,1,hex-stickers
jennybc,1,hex-stickers
jrlewi,1,hex-stickers
kevinushey,1,hex-stickers
pkq,1,hex-stickers
rich-iannone,1,hex-stickers
wch,1,hex-stickers
wch,14,shinytestPackageExample
jjallaire,1037,distill
apreshill,45,distill
javierluraschi,10,distill
maelle,6,distill
signalskew,5,distill
kevinykuo,5,distill
jooyoungseo,4,distill
rich-iannone,4,distill
npjc,3,distill
malcolmbarrett,2,distill
MarcioFCMartins,1,distill
wibeasley,1,distill
yihui,1,distill
alandipert,226,shinycannon
slopp,24,shinycannon
jcheng5,21,shinycannon
bborgesr,9,shinycannon
dougm,2915,sigar
mdkent,16,sigar
weigon,7,sigar
nira11,5,sigar
tpounds,3,sigar
ilanuriel,3,sigar
tgoldman,3,sigar
ieure,2,sigar
pmenglund,2,sigar
hananaharonof,2,sigar
davidzhao,1,sigar
EdSchouten,1,sigar
ispringer,1,sigar
trav,1,sigar
emonty,1,sigar
ville-k,1,sigar
mdoboi,1,sigar
jcheng5,19,cranwhales
alandipert,1,cranwhales
rich-iannone,94,fontawesome
BerriJ,2,fontawesome
rich-iannone,46,htmldeps
schloerke,154,reactlog
daattali,2,reactlog
dependabot[bot],1,reactlog
blairj09,5,production.rstudio.com
skeydan,563,ai-blog
jjallaire,106,ai-blog
javierluraschi,91,ai-blog
henry090,76,ai-blog
yitao-li,52,ai-blog
dfalbel,10,ai-blog
jcrodriguez1989,2,ai-blog
terrytangyuan,2,ai-blog
MaximeRivest,1,ai-blog
daviddalpiaz,1,ai-blog
sarahemlin,1,ai-blog
jjallaire,10,blogs.rstudio.com
javierluraschi,5,blogs.rstudio.com
trestletech,1,blogs.rstudio.com
yihui,384,bookdown.org
jjallaire,32,bookdown.org
cderv,22,bookdown.org
jRafi,2,bookdown.org
Robinlovelace,2,bookdown.org
winterwang,1,bookdown.org
ColinFay,1,bookdown.org
dlebauer,1,bookdown.org
enriquegit,1,bookdown.org
garrettgman,1,bookdown.org
henningsway,1,bookdown.org
jacobkap,1,bookdown.org
JohnCoene,1,bookdown.org
jweisber,1,bookdown.org
gagolews,1,bookdown.org
nerivo,1,bookdown.org
Rkabacoff,1,bookdown.org
robertschnitman,1,bookdown.org
rubenfcasal,1,bookdown.org
kuriwaki,1,bookdown.org
tcgriffith,1,bookdown.org
zachbogart,1,bookdown.org
frareb,1,bookdown.org
gwmatthews,1,bookdown.org
kevinykuo,52,forge
dfalbel,96,tfhub
jjallaire,4,tfhub
terrytangyuan,1,tfhub
javierluraschi,193,mlflow-original
kevinykuo,96,mlflow-original
aarondav,40,mlflow-original
smurching,38,mlflow-original
mateiz,22,mlflow-original
andrewmchen,15,mlflow-original
stbof,13,mlflow-original
juntai-zheng,9,mlflow-original
ToonKBC,9,mlflow-original
dbczumar,8,mlflow-original
tomasatdatabricks,8,mlflow-original
adrian555,5,mlflow-original
dennyglee,4,mlflow-original
jakeret,4,mlflow-original
mparkhe,4,mlflow-original
dmatrix,4,mlflow-original
emres,3,mlflow-original
mdagost,3,mlflow-original
sueann,3,mlflow-original
andyk,2,mlflow-original
arinto,2,mlflow-original
0wu,2,mlflow-original
jjallaire,2,mlflow-original
vfdev-5,2,mlflow-original
aadamson,1,mlflow-original
antonpaquin,1,mlflow-original
anabranch,1,mlflow-original
bnekolny,1,mlflow-original
d18s,1,mlflow-original
gsganden,1,mlflow-original
Jeffwan,1,mlflow-original
manugarri,1,mlflow-original
mikehuston,1,mlflow-original
ndjido,1,mlflow-original
yupbank,1,mlflow-original
cryptexis,1,mlflow-original
xueyumusic,1,mlflow-original
jdodb,1,mlflow-original
rbang1,1,mlflow-original
wch,79,sass
tmastny,79,sass
rich-iannone,62,sass
schloerke,52,sass
cpsievert,51,sass
jcheng5,14,sass
abichat,1,sass
cderv,1,sass
salim-b,1,sass
javierluraschi,286,mlflow
kevinykuo,145,mlflow
aarondav,60,mlflow
smurching,46,mlflow
mateiz,22,mlflow
andrewmchen,19,mlflow
stbof,16,mlflow
dbczumar,14,mlflow
tomasatdatabricks,12,mlflow
mparkhe,10,mlflow
juntai-zheng,9,mlflow
ToonKBC,9,mlflow
adrian555,6,mlflow
dmatrix,5,mlflow
vfdev-5,5,mlflow
dennyglee,4,mlflow
jakeret,4,mlflow
emres,3,mlflow
mdagost,3,mlflow
sueann,3,mlflow
aadamson,2,mlflow
andyk,2,mlflow
arinto,2,mlflow
0wu,2,mlflow
hamroune,2,mlflow
jjallaire,2,mlflow
antonpaquin,1,mlflow
anabranch,1,mlflow
bnekolny,1,mlflow
d18s,1,mlflow
drorata,1,mlflow
gsganden,1,mlflow
Jeffwan,1,mlflow
gioa,1,mlflow
whiletruelearn,1,mlflow
manugarri,1,mlflow
mikehuston,1,mlflow
ndjido,1,mlflow
yupbank,1,mlflow
cryptexis,1,mlflow
xueyumusic,1,mlflow
jdodb,1,mlflow
rbang1,1,mlflow
Shenggan,1,mlflow
trestletech,5,cran-security-blog
javierluraschi,1,mlflow-example
skeydan,48,conf_tensorflow_training_day2
andrie,4,conf_tensorflow_training_day2
kevinykuo,4,conf_tensorflow_training_day2
yihui,192,pagedown
RLesur,105,pagedown
cderv,7,pagedown
atusy,2,pagedown
beatrizmilz,1,pagedown
brentthorne,1,pagedown
chendaniely,1,pagedown
jcheng5,1,pagedown
remlapmot,1,pagedown
shrektan,1,pagedown
gtritchie,1,terminaltools
dskard,25,checkRS-containers
javierluraschi,38,nomnoml
andrie,11,nomnoml
jimhester,2,nomnoml
jdblischak,1,nomnoml
Robinlovelace,1,nomnoml
kevinykuo,44,sparkxgb
yutannihilation,5,sparkxgb
javierluraschi,1,sparkxgb
yitao-li,1,sparkxgb
kevinushey,1379,renv
cderv,4,renv
khughitt,2,renv
slopp,2,renv
krlmlr,2,renv
adamrobinson361,1,renv
DivadNojnarg,1,renv
gadenbuie,1,renv
jimhester,1,renv
labriola,1,renv
njtierney,1,renv
robbfitzsimmons,1,renv
swt30,1,renv
beansrowning,1,renv
uribo,1,renv
shrektan,1,renv
arbelt,1,renv
apreshill,405,education.rstudio.com
gvwilson,95,education.rstudio.com
mine-cetinkaya-rundel,76,education.rstudio.com
johnson-dl,41,education.rstudio.com
sarahemlin,22,education.rstudio.com
cdhowe,12,education.rstudio.com
jennybc,7,education.rstudio.com
garrettgman,5,education.rstudio.com
brendanhcullen,4,education.rstudio.com
dcossyleon,2,education.rstudio.com
juliasilge,2,education.rstudio.com
malcolmbarrett,2,education.rstudio.com
bradleyboehmke,1,education.rstudio.com
cwickham,1,education.rstudio.com
chendaniely,1,education.rstudio.com
karaesmen,1,education.rstudio.com
gadenbuie,1,education.rstudio.com
hadley,1,education.rstudio.com
jules32,1,education.rstudio.com
karawoo,1,education.rstudio.com
kjhealy,1,education.rstudio.com
margarethannum,1,education.rstudio.com
MayaGans,1,education.rstudio.com
robjhyndman,1,education.rstudio.com
karissawhiting,1,education.rstudio.com
aronatkins,10,connect-api-deploy-shiny
cdhowe,55,learning-r-survey
apreshill,19,learning-r-survey
shancarter,196,template
colah,43,template
ludwigschubert,18,template
kevinykuo,2,template
arvind,1,template
gtritchie,33,gary-uml
andrie,16,pro_admin_training_assets
colearendt,13,pro_admin_training_assets
JsizzleR,7,pro_admin_training_assets
dpastoor,1,pro_admin_training_assets
rstub,1,pro_admin_training_assets
edavidaja,1,pro_admin_training_assets
jaredhanson,19,passport-google-oauth2
MarshallOfSound,5,passport-google-oauth2
jcheng5,1,passport-google-oauth2
keith24,1,passport-google-oauth2
markmentovai,711,crashpad
sgraham,466,crashpad
rsesek,41,crashpad
vlad902,27,crashpad
frncsrss,16,crashpad
sigurasg,14,crashpad
dbort,8,crashpad
sadmac7000,7,crashpad
erikchen,5,crashpad
hinoka,5,crashpad
andybons,4,crashpad
dpranke,4,crashpad
ericastor,3,crashpad
erikwright,3,crashpad
zmodem,3,crashpad
ishermandom,3,crashpad
nico,3,crashpad
0xcharly,2,crashpad
jdapena,2,crashpad
msisov,2,crashpad
tanderson-google,2,crashpad
ThomsonTan,2,crashpad
pwnall,2,crashpad
kaadam,1,crashpad
randomascii,1,crashpad
cpu-chromium,1,crashpad
chasephillips,1,crashpad
djordje-golubovic,1,crashpad
Steelskin,1,crashpad
nornagon,1,crashpad
joshuaseaton,1,crashpad
macourteau,1,crashpad
mdempsky,1,crashpad
mostynb,1,crashpad
nathanrogersgoogle,1,crashpad
nick-chromium,1,crashpad
nikhilm,1,crashpad
plmonette,1,crashpad
pcc,1,crashpad
petrhosek,1,crashpad
manzagop,1,crashpad
rakuco,1,crashpad
rnk,1,crashpad
frobtech,1,crashpad
skyostil,1,crashpad
tzik,1,crashpad
mraleph,1,crashpad
colearendt,1092,connectapi
tbradley1013,36,connectapi
andrie,18,connectapi
slopp,9,connectapi
kevinykuo,7,sparktf
wch,151,chromote
alandipert,19,chromote
colearendt,2,chromote
slopp,55,environments.rstudio.com
blairj09,12,environments.rstudio.com
danielfrg,5,environments.rstudio.com
akgold,1,environments.rstudio.com
sarahemlin,1,environments.rstudio.com
glin,273,r-system-requirements
jonyoder,26,r-system-requirements
colearendt,13,r-system-requirements
eyk801,7,r-system-requirements
tylfin,6,r-system-requirements
thomasp85,4,r-system-requirements
kevinhankens,3,r-system-requirements
slopp,3,r-system-requirements
jimhester,1,r-system-requirements
dependabot[bot],1,r-system-requirements
skeydan,444,tfprobability
dfalbel,73,tfprobability
kevinykuo,36,tfprobability
jeffreypullin,2,tfprobability
apreshill,142,hugo-graphite
dcossyleon,7,hugo-graphite
batpigandme,1,hugo-graphite
jjallaire,4,radix
glin,161,r-docker
jonyoder,35,r-docker
kevinhankens,4,r-docker
slopp,4,r-docker
jcheng5,9,leaflet.mapboxgl
wch,44,webshot2
mine-cetinkaya-rundel,1,webshot2
ginberg,1,webshot2
dfalty,23,docker-r-session-complete
colearendt,17,docker-r-session-complete
koverholt,10,docker-r-session-complete
danielfrg,8,docker-r-session-complete
akgold,3,docker-r-session-complete
sellorm,3,docker-r-session-complete
kgartland-rstudio,81,rsc-hello-world-content
joncfoo,10,rsc-hello-world-content
mmarchetti,9,rsc-hello-world-content
scottmmjackson,4,rsc-hello-world-content
javierluraschi,1715,pins
kevinykuo,6,pins
jduckles,4,pins
hadley,3,pins
GShotwell,2,pins
salim-b,2,pins
1beb,1,pins
cderv,1,pins
dfalbel,1,pins
espinielli,1,pins
jonkeane,1,pins
duju211,1,pins
Yue-Jiang,1,pins
kellobri,1,pins
glin,66,r-builds
joncfoo,27,r-builds
stevenolen,15,r-builds
jonyoder,13,r-builds
jspiewak,10,r-builds
sellorm,8,r-builds
meatballhat,6,r-builds
ricardofandrade,5,r-builds
slopp,4,r-builds
jimhester,2,r-builds
dependabot[bot],2,r-builds
blairj09,1,r-builds
pierrre,19,gotestcover
ruflin,7,gotestcover
cbarraford,2,gotestcover
kyokomi,2,gotestcover
Songmu,1,gotestcover
cpsievert,193,shinymeta
jcheng5,80,shinymeta
daattali,1,shinymeta
daattali,80,colourpicker
alandipert,4,colourpicker
romunov,2,colourpicker
DavidRGriswold,1,colourpicker
ddiez,1,colourpicker
ohjakobsen,1,colourpicker
tareefk,49,rscloud
kevinykuo,30,rscloud
mine-cetinkaya-rundel,18,rscloud
jennybc,3,rscloud
coatless,2,rscloud
hadley,1,rscloud
EconimiCurtis,19,R4ArtSundays
colearendt,65,rstudio-docker-products
danielfrg,19,rstudio-docker-products
akgold,1,rstudio-docker-products
AshleyHenry15,1,rstudio-docker-products
F4stFr3ddy,1,rstudio-docker-products
blairj09,1,rstudio-docker-products
trestletech,1,rstudio-docker-products
leslie-huang,137,leaflet.providers
schloerke,1,leaflet.providers
andrie,21,parsons
goruha,14,github-authorized-keys
osterman,10,github-authorized-keys
cdhowe,31,rmarkdown-and-dashboards
schloerke,19,rstudio-shields
rluble,644,gwt
gkdn,531,gwt
dankurka,240,gwt
stalcup,196,gwt
korzha,148,gwt
tbroyer,134,gwt
manolo,67,gwt
jDramaix,51,gwt
mdempsky,37,gwt
jnehlmeier,27,gwt
niloc132,25,gwt
stephenh,20,gwt
fedy2,10,gwt
Artur-,9,gwt
axls,8,gwt
Dominator008,6,gwt
adob,5,gwt
cpovirk,4,gwt
vegegoku,3,gwt
freddyboucher,3,gwt
gardellajuanpablo,3,gwt
johnthuss,3,gwt
cushon,3,gwt
mstahv,3,gwt
timeu,3,gwt
branflake2267,3,gwt
MCMicS,3,gwt
patou,3,gwt
davido,2,gwt
emmanuel-p,2,gwt
ekuefler,2,gwt
fperie,2,gwt
gregsako,2,gwt
ibaca,2,gwt
vrana,2,gwt
jermowery,2,gwt
joeadams0,2,gwt
butchyyyy,2,gwt
winstonewert,2,gwt
jhorsley,2,gwt
fejesjoco,2,gwt
salk31,2,gwt
tadeegan,2,gwt
abmancini,1,gwt
akbertram,1,gwt
aabdagic,1,gwt
ankon,1,gwt
ArloL,1,gwt
auke-,1,gwt
csadilek,1,gwt
xtofian,1,gwt
Strilanc,1,gwt
ringw,1,gwt
dsbecker,1,gwt
superbob,1,gwt
harikishorekuppa,1,gwt
Hilbrand,1,gwt
foxylion,1,gwt
shadow-cs,1,gwt
hohwille,1,gwt
jdahlstrom,1,gwt
johndevs,1,gwt
johndjones,1,gwt
jonl-percsolutions-com,1,gwt
juli4n,1,gwt
jeadorf,1,gwt
kfa,1,gwt
kcooney,1,gwt
lowasser,1,gwt
mgreenland,1,gwt
chocoboSan,1,gwt
Splaktar,1,gwt
mishadynin,1,gwt
nick-someone,1,gwt
fringd,1,gwt
rdwallis,1,gwt
rkj,1,gwt
posthour1,1,gwt
slauriat,1,gwt
mdlnr,1,gwt
twz123,1,gwt
grabarczyk-t,1,gwt
m12345y,1,gwt
anylain,1,gwt
yzibin,1,gwt
0ddfell0w,1,gwt
cristcost,1,gwt
denis-anisimov,1,gwt
StephanBeutel,1,gwt
zak905,1,gwt
Gebon,1,gwt
dfalbel,10,tfds
skeydan,3,tfds
edgararuiz,87,connections
cdhowe,9,UCL-RMarkdown-Talk
colearendt,191,sol-eng-demo-server
akgold,20,sol-eng-demo-server
edgararuiz,24,rscontract
danielfrg,142,rstudio-cloud-tools
stephendonner,52,axe-selenium-python
pyup-bot,22,axe-selenium-python
terrameijar,9,axe-selenium-python
gtritchie,1,axe-selenium-python
kimberlythegeek,1,axe-selenium-python
Michael-Overall,1,axe-selenium-python
Mozilla-GitHub-Standards,1,axe-selenium-python
RussellJQA,1,axe-selenium-python
matt-l-w,1,axe-selenium-python
cpsievert,212,bootstraplib
jcheng5,61,bootstraplib
wch,40,bootstraplib
schloerke,5,bootstraplib
falbukrek,16,katacoda-scenarios
BenHall,2,katacoda-scenarios
jskress,222,rsconnect-python
mmarchetti,119,rsconnect-python
meatballhat,102,rsconnect-python
scottmmjackson,80,rsconnect-python
dethmasque,9,rsconnect-python
Lytol,2,rsconnect-python
cpsievert,14,jquerylib
everdark,2,jquerylib
itsjavi,206,bootstrap-colorpicker
xaguilars,33,bootstrap-colorpicker
mjolnic,31,bootstrap-colorpicker
tanqhnguyen,9,bootstrap-colorpicker
kmulvey,5,bootstrap-colorpicker
alexzielenski,4,bootstrap-colorpicker
seiyria,4,bootstrap-colorpicker
dependabot[bot],4,bootstrap-colorpicker
killthekitten,3,bootstrap-colorpicker
Craga89,2,bootstrap-colorpicker
duckzland,2,bootstrap-colorpicker
Jaza,2,bootstrap-colorpicker
michaelbilcot,2,bootstrap-colorpicker
Ninir,2,bootstrap-colorpicker
jetic83,2,bootstrap-colorpicker
codeodor,2,bootstrap-colorpicker
will-moore,2,bootstrap-colorpicker
krk,2,bootstrap-colorpicker
arcanedev-maroc,1,bootstrap-colorpicker
lamalex,1,bootstrap-colorpicker
alfredopenaalonso,1,bootstrap-colorpicker
arkadyzalko,1,bootstrap-colorpicker
bitdeli-chef,1,bootstrap-colorpicker
luozhihua,1,bootstrap-colorpicker
greypants,1,bootstrap-colorpicker
dhiemstra,1,bootstrap-colorpicker
felipegruoso,1,bootstrap-colorpicker
hex-ci,1,bootstrap-colorpicker
joeyblake,1,bootstrap-colorpicker
solispauwels,1,bootstrap-colorpicker
soltmar,1,bootstrap-colorpicker
silvenon,1,bootstrap-colorpicker
Contagious06,1,bootstrap-colorpicker
mathieupotier,1,bootstrap-colorpicker
piotrantosik,1,bootstrap-colorpicker
Snack-X,1,bootstrap-colorpicker
stefk,1,bootstrap-colorpicker
gergo85,1,bootstrap-colorpicker
gitter-badger,1,bootstrap-colorpicker
thiromi,1,bootstrap-colorpicker
vicolachips44,1,bootstrap-colorpicker
n1crack,1,bootstrap-colorpicker
bierdok,1,bootstrap-colorpicker
monkeywithacupcake,1,bootstrap-colorpicker
mateuszjarzewski,1,bootstrap-colorpicker
oliholz,1,bootstrap-colorpicker
xrvalencia,1,bootstrap-colorpicker
schloerke,132,shinycoreci
wch,75,shinycoreci
alandipert,18,shinycoreci
cpsievert,18,shinycoreci
schloerke,2000,shinycoreci-apps
wch,174,shinycoreci-apps
MadhulikaTanuboddi,61,shinycoreci-apps
cpsievert,40,shinycoreci-apps
actions-user,32,shinycoreci-apps
shalutiwari,12,shinycoreci-apps
alandipert,9,shinycoreci-apps
jcheng5,5,shinycoreci-apps
rich-iannone,1,shinycoreci-apps
mine-cetinkaya-rundel,19,shiny-gallery
cdhowe,11,conf20-future-dse
jcheng5,10,rsformat
meatballhat,205,fuzzbucket
joncfoo,7,fuzzbucket
cpsievert,268,thematic
angusmcleod,9,rstudio-community-discourse
EconomiCurtis,1,rstudio-community-discourse
dskard,3,checkRS-deploy
kmasiello,72,cs_protips
elenaruiz17,31,cs_protips
gtritchie,8,gary-support-article-source
jooyoungseo,5,gary-support-article-source
cboettig,50,hugo-now-ui
brunoamaral,3,hugo-now-ui
JOduMonT,2,hugo-now-ui
ethanwhite,1,hugo-now-ui
astropuffin,1,hugo-now-ui
ringods,1,hugo-now-ui
sagar2agrawal,1,hugo-now-ui
simonwhitaker,1,hugo-now-ui
substack,151,node-optimist
indexzero,9,node-optimist
jfhbrook,8,node-optimist
coderarity,4,node-optimist
papandreou,2,node-optimist
colinta,1,node-optimist
danielbeardsley,1,node-optimist
guybrush,1,node-optimist
summatix,1,node-optimist
thenengah,1,node-optimist
vojtajina,1,node-optimist
hdf,1,node-optimist
marshall,1,node-optimist
JosiahParry,1,customer-success
crewjam,142,crewjam-saml
mabeyj,8,crewjam-saml
ricardofandrade,5,crewjam-saml
dherbst,4,crewjam-saml
dustin-decker,4,crewjam-saml
mmailhos,4,crewjam-saml
jskress,4,crewjam-saml
dependabot-preview[bot],4,crewjam-saml
azdagron,3,crewjam-saml
BryceDFisher,3,crewjam-saml
a-h,2,crewjam-saml
apilloud,2,crewjam-saml
tux21b,2,crewjam-saml
eloff,2,crewjam-saml
edaniels,2,crewjam-saml
sevki,2,crewjam-saml
joesiltberg,2,crewjam-saml
andy2046,1,crewjam-saml
afritzler,1,crewjam-saml
BenJuan26,1,crewjam-saml
beyang,1,crewjam-saml
bfisher-novetta,1,crewjam-saml
cvermilion,1,crewjam-saml
chistogo,1,crewjam-saml
dcormier,1,crewjam-saml
danielhochman,1,crewjam-saml
dhoelle,1,crewjam-saml
itzg,1,crewjam-saml
gracenoah,1,crewjam-saml
jtolio,1,crewjam-saml
threadproc,1,crewjam-saml
jasiek,1,crewjam-saml
jongyllen,1,crewjam-saml
josh5276,1,crewjam-saml
xlson,1,crewjam-saml
msteffen,1,crewjam-saml
ecmrauh,1,crewjam-saml
orisano,1,crewjam-saml
neha0912,1,crewjam-saml
novalagung,1,crewjam-saml
ptman,1,crewjam-saml
praneetloke,1,crewjam-saml
digininja,1,crewjam-saml
rkuris,1,crewjam-saml
ry4nz,1,crewjam-saml
tebruno99,1,crewjam-saml
umayr,1,crewjam-saml
volkangurel,1,crewjam-saml
aspeteRakete,1,crewjam-saml
ferhatelmas,1,crewjam-saml
gotjosh,1,crewjam-saml
exedor,1,crewjam-saml
kiangj,1,crewjam-saml
miketonks,1,crewjam-saml
elliots,1,crewjam-saml
wch,19,ca-predict-covid
slopp,1,ca-predict-covid
andrie,97,team-admin.rstudio.com
sellorm,24,team-admin.rstudio.com
schloerke,28,shiny-testing-gha-example
cpsievert,2,shiny-testing-gha-example
jcheng5,123,shinytableau
rich-iannone,63,shinytableau
rich-iannone,24,beyond-dashboard-fatigue
slopp,2,beyond-dashboard-fatigue
SamanthaToet,4,enabling-remote-data-science-teams
christinamedeiros,1,enabling-remote-data-science-teams
jcheng5,52,shinyvalidate
cpsievert,6,shinyvalidate
tmichel,26,terraform-provider-credstash
lomkju,5,terraform-provider-credstash
flinnb,1,terraform-provider-credstash
meatballhat,1,terraform-provider-credstash
gvwilson,62,concept-maps
monialo2000,14,concept-maps
brendanhcullen,3,concept-maps
jeroenjanssens,3,concept-maps
gadenbuie,1,concept-maps
yabellini,1,concept-maps
kmasiello,8,cs_protipstemplate
slopp,4,connect-examples
joncfoo,5,sqlite3-bin
